Suburb,Address,Rooms,Type,Price,Method,SellerG,Date,Distance,Postcode,Bedroom2,Bathroom,Car,Landsize,BuildingArea,YearBuilt,CouncilArea,Latitude,Longitude,Regionname,Propertycount,Services_500m,Trees_500m
Kensington,4 Coopers La,3,h,785000.0,S,Nelson,2016-09-03,4.2,3031.0,2.0,1.0,1.0,258.0,64.0,,Melbourne City Council,-37.7906,144.924,Northern Metropolitan,5263.0,3.0,2048
Kensington,65 Gatehouse Dr,3,h,852000.0,S,Nelson,2016-09-03,4.2,3031.0,3.0,1.0,1.0,166.0,138.0,2000.0,Melbourne City Council,-37.7929,144.9197,Northern Metropolitan,5263.0,1.0,2799
Kensington,35 Henry St,3,h,1037000.0,S,Rendina,2016-09-03,4.2,3031.0,3.0,1.0,1.0,188.0,106.0,1910.0,Melbourne City Council,-37.7953,144.9275,Northern Metropolitan,5263.0,5.0,2087
Kensington,8 Bent St,2,h,775000.0,S,Jellis,2016-12-03,4.2,3031.0,2.0,1.0,0.0,150.0,,,Melbourne City Council,-37.7963,144.935,Northern Metropolitan,5263.0,2.0,1243
Kensington,14 Hardiman St,3,h,1470000.0,S,Nelson,2017-03-04,4.2,3031.0,3.0,1.0,1.0,199.0,121.0,1910.0,Melbourne City Council,-37.7957,144.932,Northern Metropolitan,5263.0,4.0,1430
Kensington,607/255 Racecourse Rd,2,u,630000.0,S,Nelson,2017-03-04,4.2,3031.0,2.0,2.0,1.0,0.0,,,Melbourne City Council,-37.7886,144.9328,Northern Metropolitan,5263.0,1.0,854
Kensington,5 Rigby La,3,t,845000.0,S,Nelson,2017-03-04,4.2,3031.0,3.0,2.0,1.0,132.0,105.0,,Melbourne City Council,-37.7907,144.9247,Northern Metropolitan,5263.0,3.0,2067
Kensington,403/72 Altona St,2,u,492500.0,S,Pagan,2016-06-04,4.2,3031.0,2.0,1.0,1.0,0.0,81.0,2008.0,Melbourne City Council,-37.7974,144.9261,Northern Metropolitan,5263.0,4.0,1988
Kensington,2/65 Bayswater Rd,2,u,420000.0,VB,Alexkarbon,2016-06-04,4.2,3031.0,2.0,1.0,1.0,0.0,55.0,1970.0,Melbourne City Council,-37.794,144.923,Northern Metropolitan,5263.0,4.0,2959
Kensington,1 Scarborough Pl,2,t,650000.0,S,Nelson,2016-06-04,4.2,3031.0,2.0,1.0,1.0,79.0,,,Melbourne City Council,-37.7914,144.9344,Northern Metropolitan,5263.0,2.0,1014
Kensington,56 Tennyson St,3,h,1050000.0,S,Edward,2016-06-04,4.2,3031.0,3.0,1.0,1.0,274.0,,1900.0,Melbourne City Council,-37.7984,144.929,Northern Metropolitan,5263.0,3.0,1749
Kensington,61 Bangalore St,3,h,1291000.0,SP,Edward,2016-08-06,4.2,3031.0,3.0,1.0,1.0,416.0,,,Melbourne City Council,-37.7946,144.924,Northern Metropolitan,5263.0,4.0,2855
Kensington,1/16 Mawbey St,2,u,420000.0,SP,Nelson,2016-08-06,4.2,3031.0,2.0,1.0,1.0,0.0,80.0,2002.0,Melbourne City Council,-37.7899,144.9231,Northern Metropolitan,5263.0,2.0,1761
Kensington,47 Barnett St,3,h,961000.0,S,Jellis,2016-05-07,4.2,3031.0,3.0,1.0,1.0,235.0,,,Melbourne City Council,-37.7925,144.9323,Northern Metropolitan,5263.0,5.0,1376
Kensington,72 Bayswater Rd,3,h,1271000.0,S,Edward,2016-05-07,4.2,3031.0,3.0,1.0,1.0,284.0,113.0,1900.0,Melbourne City Council,-37.7938,144.9228,Northern Metropolitan,5263.0,2.0,2899
Kensington,67 Collett St,3,h,1010000.0,PI,Edward,2016-05-07,4.2,3031.0,3.0,1.0,0.0,234.0,104.0,1900.0,Melbourne City Council,-37.7923,144.9332,Northern Metropolitan,5263.0,2.0,1260
Kensington,4/130 Kensington Rd,2,t,750000.0,S,Rendina,2016-05-07,4.2,3031.0,2.0,1.0,1.0,325.0,112.0,2002.0,Melbourne City Council,-37.7976,144.9213,Northern Metropolitan,5263.0,2.0,2377
Kensington,15 Ormond St,4,h,1675000.0,S,Rendina,2016-05-07,4.2,3031.0,4.0,2.0,2.0,279.0,,,Melbourne City Council,-37.797,144.9303,Northern Metropolitan,5263.0,4.0,1668
Kensington,10 Altona St,2,h,905000.0,S,Edward,2016-10-08,4.2,3031.0,2.0,2.0,1.0,138.0,126.0,1999.0,Melbourne City Council,-37.799,144.9276,Northern Metropolitan,5263.0,3.0,2525
Kensington,70 Hardiman St,2,h,960000.0,S,Nelson,2016-10-08,4.2,3031.0,2.0,1.0,1.0,174.0,72.0,1900.0,Melbourne City Council,-37.7959,144.9343,Northern Metropolitan,5263.0,2.0,1301
Kensington,94 McConnell St,2,h,1031000.0,SP,Woodards,2016-10-08,4.2,3031.0,2.0,1.0,1.0,163.0,99.0,1900.0,Melbourne City Council,-37.7929,144.9287,Northern Metropolitan,5263.0,4.0,2236
Kensington,59 The Crescent,3,t,918000.0,SP,Nelson,2016-10-08,4.2,3031.0,3.0,2.0,1.0,788.0,,1998.0,Melbourne City Council,-37.7938,144.9186,Northern Metropolitan,5263.0,1.0,2992
Kensington,13 Youlden St,3,h,870000.0,S,Greg,2016-10-08,4.2,3031.0,3.0,1.0,1.0,211.0,95.0,1992.0,Melbourne City Council,-37.7891,144.926,Northern Metropolitan,5263.0,4.0,1683
Kensington,41 Barnett St,3,h,1165000.0,S,Nelson,2016-09-10,4.2,3031.0,3.0,1.0,0.0,239.0,135.0,1910.0,Melbourne City Council,-37.7923,144.9324,Northern Metropolitan,5263.0,5.0,1362
Kensington,11 Nottingham St,5,h,1710000.0,PI,Nelson,2016-09-10,4.2,3031.0,5.0,2.0,2.0,566.0,270.0,1890.0,Melbourne City Council,-37.7893,144.933,Northern Metropolitan,5263.0,1.0,954
Kensington,107/88 Altona St,1,u,360000.0,VB,Dingle,2016-12-10,4.2,3031.0,1.0,1.0,1.0,4267.0,,,Melbourne City Council,-37.7966,144.9254,Northern Metropolitan,5263.0,5.0,2155
Kensington,39 Henry St,3,h,1455000.0,S,Jellis,2016-12-10,4.2,3031.0,3.0,1.0,0.0,275.0,120.0,1900.0,Melbourne City Council,-37.7954,144.9274,Northern Metropolitan,5263.0,5.0,2069
Kensington,114/71 Henry St,1,u,365000.0,VB,Edward,2016-12-10,4.2,3031.0,1.0,1.0,1.0,0.0,47.0,2012.0,Melbourne City Council,-37.7961,144.9261,Northern Metropolitan,5263.0,6.0,2199
Kensington,28/18 Mawbey St,3,u,551000.0,S,Woodards,2016-12-10,4.2,3031.0,3.0,1.0,1.0,4440.0,,,Melbourne City Council,-37.7898,144.9233,Northern Metropolitan,5263.0,2.0,1747
Kensington,118/80 Ormond St,2,u,442000.0,S,Nelson,2016-12-10,4.2,3031.0,2.0,2.0,1.0,3448.0,71.0,2010.0,Melbourne City Council,-37.7976,144.9285,Northern Metropolitan,5263.0,5.0,1712
Kensington,51 Rankins Rd,2,h,765000.0,S,Nardella,2016-12-10,4.2,3031.0,2.0,1.0,2.0,158.0,76.0,1965.0,Melbourne City Council,-37.7902,144.9319,Northern Metropolitan,5263.0,3.0,1137
Kensington,407/72 Altona St,2,u,515000.0,SP,Pagan,2017-02-11,4.2,3031.0,2.0,1.0,1.0,3957.0,81.0,2010.0,Melbourne City Council,-37.7974,144.9261,Northern Metropolitan,5263.0,4.0,1988
Kensington,17/29 Bendall St,3,u,570000.0,VB,Hodges,2017-03-11,4.2,3031.0,3.0,1.0,2.0,0.0,,1990.0,Melbourne City Council,-37.7897,144.9239,Northern Metropolitan,5263.0,3.0,1740
Kensington,119/71 Henry St,1,u,370000.0,VB,Edward,2016-06-12,4.2,3031.0,1.0,1.0,1.0,0.0,50.0,2012.0,Melbourne City Council,-37.7961,144.9261,Northern Metropolitan,5263.0,6.0,2199
Kensington,21 Bayswater Rd,2,h,1005000.0,S,Brad,2016-11-12,4.2,3031.0,2.0,1.0,0.0,274.0,,,Melbourne City Council,-37.7931,144.9247,Northern Metropolitan,5263.0,3.0,2625
Kensington,109 Rankins Rd,2,h,1234500.0,SP,Nelson,2016-08-13,4.2,3031.0,2.0,2.0,2.0,169.0,127.0,2008.0,Melbourne City Council,-37.7922,144.9316,Northern Metropolitan,5263.0,4.0,1466
Kensington,11/33 Rankins Rd,2,u,666000.0,S,Nelson,2016-08-13,4.2,3031.0,2.0,1.0,2.0,1111.0,92.0,1998.0,Melbourne City Council,-37.7896,144.9321,Northern Metropolitan,5263.0,2.0,1082
Kensington,32 Epsom Rd,2,h,825000.0,S,Rendina,2016-05-14,4.2,3031.0,2.0,1.0,1.0,211.0,88.0,1915.0,Melbourne City Council,-37.7925,144.9264,Northern Metropolitan,5263.0,4.0,2513
Kensington,33 Rourke La,2,t,770000.0,S,Rendina,2016-05-14,4.2,3031.0,2.0,2.0,1.0,0.0,,,Melbourne City Council,-37.7937,144.9169,Northern Metropolitan,5263.0,1.0,2469
Kensington,12 Hardiman St,3,h,1135000.0,S,Rendina,2016-10-15,4.2,3031.0,3.0,1.0,0.0,0.0,,,Melbourne City Council,-37.7957,144.932,Northern Metropolitan,5263.0,4.0,1430
Kensington,36 The Crescent,4,h,975000.0,S,Nelson,2016-10-15,4.2,3031.0,4.0,3.0,1.0,0.0,,,Melbourne City Council,-37.7941,144.919,Northern Metropolitan,5263.0,1.0,3149
Kensington,14 Altona St,2,t,812000.0,SP,Rendina,2016-04-16,4.2,3031.0,2.0,1.0,0.0,132.0,79.0,1887.0,Melbourne City Council,-37.7989,144.9275,Northern Metropolitan,5263.0,3.0,2472
Kensington,11 Nottingham St,5,h,1900000.0,VB,Nelson,2016-04-16,4.2,3031.0,5.0,2.0,2.0,566.0,270.0,1890.0,Melbourne City Council,-37.7893,144.933,Northern Metropolitan,5263.0,1.0,954
Kensington,13/26 Barnett St,1,u,445000.0,S,Jellis,2017-03-18,4.2,3031.0,1.0,1.0,0.0,0.0,67.0,1997.0,Melbourne City Council,-37.7913,144.9323,Northern Metropolitan,5263.0,3.0,1265
Kensington,38 Rourke La,2,h,732000.0,SP,Nelson,2016-06-18,4.2,3031.0,3.0,2.0,1.0,94.0,130.0,2002.0,Melbourne City Council,-37.7934,144.9166,Northern Metropolitan,5263.0,2.0,2333
Kensington,33 Barnett St,3,h,1260000.0,S,Nelson,2016-11-19,4.2,3031.0,3.0,2.0,2.0,250.0,147.0,1900.0,Melbourne City Council,-37.792,144.9324,Northern Metropolitan,5263.0,5.0,1349
Kensington,51 Gatehouse Dr,3,h,1000000.0,SP,Nelson,2016-11-19,4.2,3031.0,3.0,2.0,2.0,211.0,132.0,1997.0,Melbourne City Council,-37.7926,144.9197,Northern Metropolitan,5263.0,1.0,2676
Kensington,26 Hopetoun St,2,h,1155000.0,SP,Edward,2016-11-19,4.2,3031.0,2.0,1.0,1.0,197.0,101.0,1890.0,Melbourne City Council,-37.7918,144.9264,Northern Metropolitan,5263.0,4.0,2429
Kensington,25 Rogan La,2,t,700000.0,S,Village,2016-11-19,4.2,3031.0,2.0,1.0,3.0,62.0,,1997.0,Melbourne City Council,-37.7917,144.9231,Northern Metropolitan,5263.0,3.0,2310
Kensington,57 Eastwood St,3,h,813500.0,SP,Nelson,2016-05-22,4.2,3031.0,3.0,1.0,1.0,165.0,,,Melbourne City Council,-37.7907,144.9303,Northern Metropolitan,5263.0,5.0,1503
Kensington,7/51 Epsom Rd,2,u,526000.0,S,Nelson,2016-08-22,4.2,3031.0,2.0,0.0,0.0,0.0,,,Melbourne City Council,-37.7919,144.9253,Northern Metropolitan,5263.0,4.0,2416
Kensington,148b Kensington Rd,3,t,790000.0,SP,Edward,2016-08-22,4.2,3031.0,3.0,2.0,2.0,1181.0,136.0,2003.0,Melbourne City Council,-37.7982,144.9202,Northern Metropolitan,5263.0,1.0,2717
Kensington,42 McCracken St,4,h,1365000.0,S,Edward,2016-08-22,4.2,3031.0,4.0,2.0,1.0,242.0,,,Melbourne City Council,-37.7913,144.9275,Northern Metropolitan,5263.0,5.0,2131
Kensington,66 Parsons St,2,t,700000.0,VB,Nelson,2016-08-22,4.2,3031.0,2.0,2.0,1.0,324.0,97.0,2009.0,Melbourne City Council,-37.7903,144.9345,Northern Metropolitan,5263.0,1.0,817
Kensington,8/33 Rankins Rd,1,u,370000.0,PI,Nelson,2016-08-22,4.2,3031.0,1.0,1.0,2.0,0.0,,,Melbourne City Council,-37.7896,144.9321,Northern Metropolitan,5263.0,2.0,1082
Kensington,49 Robertson St,3,h,1230000.0,S,Nelson,2016-08-22,4.2,3031.0,3.0,1.0,1.0,312.0,109.0,1915.0,Melbourne City Council,-37.793,144.934,Northern Metropolitan,5263.0,2.0,1323
Kensington,208/465 MacAulay Rd,2,u,460000.0,SP,Rendina,2016-04-23,4.2,3031.0,2.0,1.0,1.0,0.0,84.0,2010.0,Melbourne City Council,-37.7948,144.9314,Northern Metropolitan,5263.0,5.0,1570
Kensington,1/16 Mawbey St,2,u,395000.0,PI,Nelson,2016-04-23,4.2,3031.0,2.0,1.0,1.0,0.0,80.0,2002.0,Melbourne City Council,-37.7899,144.9231,Northern Metropolitan,5263.0,2.0,1761
Kensington,28 Pridham St,5,h,1001000.0,S,Rendina,2016-09-24,4.2,3031.0,3.0,1.0,0.0,301.0,,,Melbourne City Council,-37.7896,144.9307,Northern Metropolitan,5263.0,3.0,1256
Kensington,123 Rankins Rd,2,h,850000.0,SP,Nelson,2016-09-24,4.2,3031.0,2.0,1.0,1.0,169.0,90.0,1900.0,Melbourne City Council,-37.7925,144.9315,Northern Metropolitan,5263.0,5.0,1489
Kensington,55 Epsom Rd,3,h,1335000.0,S,Rendina,2017-02-25,4.2,3031.0,3.0,1.0,3.0,459.0,,,Melbourne City Council,-37.7917,144.9251,Northern Metropolitan,5263.0,4.0,2333
Kensington,5 Rogan La,2,h,868000.0,S,Nelson,2017-02-25,4.2,3031.0,2.0,1.0,1.0,97.0,103.0,2000.0,Melbourne City Council,-37.7921,144.9234,Northern Metropolitan,5263.0,3.0,2435
Kensington,25 Chelmsford St,2,h,960000.0,S,Brad,2016-07-26,4.2,3031.0,2.0,1.0,0.0,179.0,,1900.0,Melbourne City Council,-37.7963,144.9327,Northern Metropolitan,5263.0,3.0,1227
Kensington,1/5 Wight St,2,t,773000.0,S,Rendina,2016-07-26,4.2,3031.0,2.0,1.0,1.0,0.0,90.0,1970.0,Melbourne City Council,-37.7937,144.9295,Northern Metropolitan,5263.0,4.0,1791
Kensington,111/18 Bent St,2,u,631090.0,S,Alexkarbon,2016-06-27,4.2,3031.0,2.0,2.0,1.0,2136.0,94.0,2012.0,Melbourne City Council,-37.7956,144.935,Northern Metropolitan,5263.0,2.0,1340
Kensington,10/2 Howlett St,2,u,410000.0,PI,Rendina,2016-06-27,4.2,3031.0,2.0,1.0,1.0,0.0,86.0,2000.0,Melbourne City Council,-37.7897,144.9228,Northern Metropolitan,5263.0,2.0,1665
Kensington,301/84 Altona St,2,u,425000.0,S,Rendina,2016-11-27,4.2,3031.0,2.0,1.0,1.0,0.0,59.0,2006.0,Melbourne City Council,-37.7966,144.9254,Northern Metropolitan,5263.0,5.0,2155
Kensington,68 Hardiman St,2,h,1211000.0,SP,Nelson,2016-11-27,4.2,3031.0,2.0,1.0,1.0,183.0,,,Melbourne City Council,-37.7959,144.9342,Northern Metropolitan,5263.0,2.0,1306
Kensington,8/37 Kensington Rd,2,u,506000.0,SP,Sweeney,2016-11-27,4.2,3031.0,2.0,1.0,1.0,0.0,,,Melbourne City Council,-37.7952,144.9262,Northern Metropolitan,5263.0,5.0,2375
Kensington,64 Hardiman St,2,h,806000.0,S,Alexkarbon,2016-05-28,4.2,3031.0,2.0,1.0,1.0,173.0,,,Melbourne City Council,-37.7959,144.9341,Northern Metropolitan,5263.0,2.0,1312
Kensington,61 Willis St,3,h,829000.0,S,Nelson,2016-05-28,4.2,3031.0,2.0,2.0,2.0,84.0,,,Melbourne City Council,-37.7935,144.9187,Northern Metropolitan,5263.0,1.0,2987
Kensington,10 Mulgrave St,2,h,786000.0,S,Biggin,2016-08-28,4.2,3031.0,2.0,1.0,0.0,149.0,,,Melbourne City Council,-37.7908,144.9309,Northern Metropolitan,5263.0,5.0,1428
Kensington,208/86 Altona St,2,u,458000.0,S,Rendina,2016-07-30,4.2,3031.0,1.0,1.0,1.0,0.0,,,Melbourne City Council,-37.7966,144.9254,Northern Metropolitan,5263.0,5.0,2155
Melbourne,902/16 Liverpool St,1,u,427000.0,S,Harcourts,2016-12-03,2.8,3000.0,1.0,1.0,0.0,0.0,,,Melbourne City Council,-37.8111,144.9715,Northern Metropolitan,17496.0,22.0,1207
Melbourne,14/2 Exhibition St,2,u,1160500.0,S,Kay,2017-03-04,2.8,3000.0,2.0,2.0,1.0,4230.0,,2006.0,Melbourne City Council,-37.8157,144.9727,Northern Metropolitan,17496.0,21.0,1776
Melbourne,2306/265 Exhibition St,2,u,780000.0,SP,Galldon,2016-06-04,2.8,3000.0,2.0,2.0,1.0,0.0,85.0,1997.0,Melbourne City Council,-37.8095,144.9691,Northern Metropolitan,17496.0,17.0,1274
Melbourne,1501/87 Franklin St,2,u,535000.0,S,HAR,2016-05-07,2.8,3000.0,2.0,1.0,1.0,0.0,84.0,2001.0,Melbourne City Council,-37.808,144.9617,Northern Metropolitan,17496.0,14.0,989
Melbourne,3811/80 Abeckett St,2,u,450000.0,VB,MICM,2016-11-07,2.8,3000.0,2.0,1.0,1.0,0.0,55.0,2014.0,Melbourne City Council,-37.8091,144.9609,Northern Metropolitan,17496.0,16.0,911
Melbourne,405/270 King St,2,u,360000.0,VB,LITTLE,2016-11-07,2.8,3000.0,2.0,1.0,0.0,0.0,66.0,1974.0,Melbourne City Council,-37.8138,144.9548,Northern Metropolitan,17496.0,12.0,826
Melbourne,805/300 Swanston St,2,u,665000.0,S,Purplebricks,2016-11-07,2.8,3000.0,2.0,1.0,1.0,0.0,80.0,2004.0,Melbourne City Council,-37.8106,144.9646,Northern Metropolitan,17496.0,21.0,809
Melbourne,1615/250 Elizabeth St,1,u,386000.0,S,Dingle,2016-09-10,2.8,3000.0,1.0,1.0,0.0,0.0,64.0,1976.0,Melbourne City Council,-37.8127,144.9627,Northern Metropolitan,17496.0,22.0,793
Melbourne,49/2 Exhibition St,1,u,659000.0,S,Harcourts,2016-09-10,2.8,3000.0,1.0,1.0,1.0,0.0,59.0,2006.0,Melbourne City Council,-37.8157,144.9727,Northern Metropolitan,17496.0,21.0,1776
Melbourne,1/5 Davisons Pl,2,u,671000.0,SP,MICM,2016-12-10,2.8,3000.0,2.0,1.0,1.0,0.0,,,Melbourne City Council,-37.8089,144.967,Northern Metropolitan,17496.0,17.0,1160
Melbourne,2111/620 Collins St,2,u,545000.0,SP,Greg,2016-11-12,2.8,3000.0,2.0,1.0,1.0,0.0,67.0,2002.0,Melbourne City Council,-37.8188,144.9544,Northern Metropolitan,17496.0,9.0,761
Melbourne,2206/60 Market St,1,u,450000.0,VB,Dingle,2016-11-12,2.8,3000.0,1.0,1.0,0.0,0.0,57.0,1960.0,Melbourne City Council,-37.8178,144.9607,Northern Metropolitan,17496.0,7.0,910
Melbourne,308/16 Liverpool St,1,u,432000.0,S,LITTLE,2016-08-13,2.8,3000.0,1.0,1.0,1.0,0.0,51.0,2005.0,Melbourne City Council,-37.8111,144.9715,Northern Metropolitan,17496.0,22.0,1207
Melbourne,816/300 Swanston St,1,u,400000.0,VB,Greg,2016-08-13,2.8,3000.0,1.0,1.0,1.0,0.0,,2005.0,Melbourne City Council,-37.8106,144.9646,Northern Metropolitan,17496.0,21.0,809
Melbourne,928/43 Therry St,1,u,210000.0,VB,Greg,2016-08-13,2.8,3000.0,1.0,1.0,0.0,0.0,,,Melbourne City Council,-37.8078,144.961,Northern Metropolitan,17496.0,13.0,1041
Melbourne,901/265 Exhibition St,3,u,750000.0,S,Greg,2016-10-15,2.8,3000.0,3.0,2.0,1.0,0.0,122.0,1998.0,Melbourne City Council,-37.8095,144.9691,Northern Metropolitan,17496.0,17.0,1274
Melbourne,208/108 Flinders St,1,u,375000.0,PI,LITTLE,2016-10-15,2.8,3000.0,1.0,1.0,0.0,1414.0,47.0,2014.0,Melbourne City Council,-37.8161,144.9712,Northern Metropolitan,17496.0,23.0,1575
Melbourne,33/300 King St,1,u,680000.0,S,MICM,2016-09-17,2.8,3000.0,1.0,1.0,2.0,0.0,102.0,1965.0,Melbourne City Council,-37.8132,144.9545,Northern Metropolitan,17496.0,12.0,884
Melbourne,1001/639 Little Bourke St,2,u,470000.0,VB,Greg,2017-03-18,2.8,3000.0,2.0,1.0,2.0,0.0,55.0,1917.0,Melbourne City Council,-37.816,144.9535,Northern Metropolitan,17496.0,8.0,668
Melbourne,3301/288 Spencer St,2,u,650000.0,VB,Elite,2017-03-18,2.8,3000.0,2.0,1.0,1.0,0.0,92.0,,Melbourne City Council,-37.8138,144.952,Northern Metropolitan,17496.0,11.0,606
Melbourne,715/300 Swanston St,2,u,483000.0,S,Greg,2017-03-18,2.8,3000.0,1.0,1.0,1.0,0.0,68.0,2004.0,Melbourne City Council,-37.8106,144.9646,Northern Metropolitan,17496.0,21.0,809
Melbourne,304/8 Sutherland St,3,u,610000.0,S,Pagan,2016-06-18,2.8,3000.0,3.0,2.0,0.0,0.0,,,Melbourne City Council,-37.8114,144.961,Northern Metropolitan,17496.0,22.0,853
Melbourne,32/2 Exhibition St,1,u,700000.0,VB,Castran,2016-11-19,2.8,3000.0,1.0,1.0,1.0,0.0,64.0,1920.0,Melbourne City Council,-37.8157,144.9727,Northern Metropolitan,17496.0,21.0,1776
Melbourne,1206/483 Swanston St,2,u,520000.0,VB,Greg,2016-11-19,2.8,3000.0,1.0,1.0,1.0,4051.0,68.0,2005.0,Melbourne City Council,-37.8072,144.9623,Northern Metropolitan,17496.0,15.0,1124
Melbourne,303/166 Flinders St,1,u,440000.0,S,Harcourts,2016-08-22,2.8,3000.0,1.0,1.0,1.0,0.0,65.0,1920.0,Melbourne City Council,-37.8168,144.9691,Northern Metropolitan,17496.0,23.0,1266
Melbourne,43/1 Exhibition St,1,u,436000.0,S,RT,2016-04-23,2.8,3000.0,1.0,1.0,0.0,0.0,,,Melbourne City Council,-37.8159,144.972,Northern Metropolitan,17496.0,24.0,1661
Melbourne,507/325 Collins St,2,u,733000.0,S,MICM,2016-09-24,2.8,3000.0,2.0,2.0,1.0,0.0,94.0,1965.0,Melbourne City Council,-37.8166,144.9635,Northern Metropolitan,17496.0,20.0,784
Melbourne,702/108 Flinders St,2,u,675000.0,VB,Kay,2016-09-24,2.8,3000.0,2.0,2.0,1.0,0.0,,2014.0,Melbourne City Council,-37.8161,144.9712,Northern Metropolitan,17496.0,23.0,1575
Melbourne,60 Hayward La,3,h,1630000.0,S,Dingle,2017-02-25,2.8,3000.0,3.0,2.0,0.0,95.0,,,Melbourne City Council,-37.8092,144.967,Northern Metropolitan,17496.0,18.0,1135
Melbourne,1003/265 Exhibition St,3,u,760000.0,S,hockingstuart,2016-05-28,2.8,3000.0,2.0,2.0,1.0,0.0,89.0,1997.0,Melbourne City Council,-37.8095,144.9691,Northern Metropolitan,17496.0,17.0,1274
Melbourne,103/565 Flinders St,2,u,360000.0,VB,Dingle,2016-08-28,2.8,3000.0,1.0,1.0,1.0,1136.0,69.0,2009.0,Melbourne City Council,-37.8211,144.9559,Northern Metropolitan,17496.0,13.0,659
Melbourne,509/33 MacKenzie St,2,u,390000.0,PI,Dingle,2016-07-30,2.8,3000.0,2.0,1.0,1.0,1751.0,,2012.0,Melbourne City Council,-37.8077,144.9668,Northern Metropolitan,17496.0,16.0,1202
North Melbourne,10 Canning St,4,h,2920000.0,S,Nelson,2016-09-03,2.3,3051.0,4.0,3.0,4.0,310.0,276.0,1880.0,Melbourne City Council,-37.7958,144.944,Northern Metropolitan,6821.0,5.0,2362
North Melbourne,90 Molesworth St,3,h,1635000.0,S,Nelson,2016-09-03,2.3,3051.0,2.0,1.0,0.0,517.0,,,Melbourne City Council,-37.7967,144.9472,Northern Metropolitan,6821.0,5.0,3247
North Melbourne,208/150 Peel St,1,u,491000.0,SP,Nelson,2016-09-03,2.3,3051.0,1.0,1.0,1.0,0.0,,,Melbourne City Council,-37.8044,144.9566,Northern Metropolitan,6821.0,3.0,1697
North Melbourne,24/302 Abbotsford St,2,u,540000.0,S,Jellis,2016-12-03,2.3,3051.0,2.0,1.0,1.0,0.0,65.0,1970.0,Melbourne City Council,-37.7994,144.9464,Northern Metropolitan,6821.0,6.0,1979
North Melbourne,1/315 Flemington Rd,1,u,340000.0,S,Brad,2016-12-03,2.3,3051.0,1.0,1.0,1.0,0.0,,,Melbourne City Council,-37.7916,144.9443,Northern Metropolitan,6821.0,2.0,5985
North Melbourne,2/63 Brougham St,2,u,726000.0,S,Jellis,2017-03-04,2.3,3051.0,2.0,1.0,1.0,0.0,64.0,1970.0,Melbourne City Council,-37.7936,144.9426,Northern Metropolitan,6821.0,3.0,2916
North Melbourne,8 Haines St,3,h,1340000.0,S,W.B.,2017-03-04,2.3,3051.0,3.0,1.0,0.0,83.0,129.0,1980.0,Melbourne City Council,-37.7987,144.9497,Northern Metropolitan,6821.0,5.0,2814
North Melbourne,70 Munster Tce,2,t,1105000.0,S,Jellis,2017-03-04,2.3,3051.0,2.0,2.0,1.0,88.0,119.0,2010.0,Melbourne City Council,-37.8018,144.9429,Northern Metropolitan,6821.0,5.0,1658
North Melbourne,19 Shands La,2,t,841000.0,S,Jellis,2017-03-04,2.3,3051.0,2.0,1.0,1.0,215.0,0.0,2000.0,Melbourne City Council,-37.7953,144.9437,Northern Metropolitan,6821.0,4.0,2488
North Melbourne,6/49 Haines St,2,u,528500.0,SP,Woodards,2016-06-04,2.3,3051.0,2.0,1.0,1.0,0.0,74.0,1960.0,Melbourne City Council,-37.7988,144.9475,Northern Metropolitan,6821.0,4.0,2047
North Melbourne,24/101 Leveson St,2,u,585000.0,SA,Edward,2016-06-04,2.3,3051.0,2.0,1.0,1.0,0.0,,,Melbourne City Council,-37.802,144.951,Northern Metropolitan,6821.0,6.0,1692
North Melbourne,319/350 Victoria St,2,u,645000.0,S,Nelson,2016-05-07,2.3,3051.0,2.0,1.0,1.0,0.0,,,Melbourne City Council,-37.8055,144.9547,Northern Metropolitan,6821.0,2.0,1758
North Melbourne,12/25 Byron St,1,u,410000.0,VB,Jellis,2016-11-07,2.3,3051.0,1.0,1.0,1.0,1045.0,55.0,2011.0,Melbourne City Council,-37.802,144.9516,Northern Metropolitan,6821.0,7.0,1699
North Melbourne,110/171 Flemington Rd,2,u,550000.0,SP,Jellis,2016-11-07,2.3,3051.0,2.0,1.0,2.0,0.0,54.0,1975.0,Melbourne City Council,-37.7955,144.9492,Northern Metropolitan,6821.0,5.0,5425
North Melbourne,2/43 Haines St,2,u,470000.0,VB,W.B.,2016-11-07,2.3,3051.0,2.0,1.0,1.0,0.0,,,Melbourne City Council,-37.7988,144.9478,Northern Metropolitan,6821.0,4.0,2095
North Melbourne,115/150 Peel St,2,u,470000.0,VB,W.B.,2016-11-07,2.3,3051.0,2.0,1.0,1.0,0.0,57.0,2006.0,Melbourne City Council,-37.8044,144.9566,Northern Metropolitan,6821.0,3.0,1697
North Melbourne,13/49 Haines St,2,u,475000.0,S,Jas,2016-10-08,2.3,3051.0,2.0,1.0,1.0,0.0,,,Melbourne City Council,-37.7988,144.9475,Northern Metropolitan,6821.0,4.0,2047
North Melbourne,6/55 Provost St,2,u,640000.0,S,MICM,2016-10-08,2.3,3051.0,2.0,2.0,1.0,0.0,84.0,2006.0,Melbourne City Council,-37.802,144.9459,Northern Metropolitan,6821.0,3.0,1809
North Melbourne,331 Flemington Rd,4,h,1330000.0,S,McDonald,2016-09-10,2.3,3051.0,3.0,2.0,1.0,246.0,,,Melbourne City Council,-37.7914,144.9439,Northern Metropolitan,6821.0,2.0,5808
North Melbourne,4/175 Chetwynd St,2,u,720000.0,S,W.B.,2016-12-10,2.3,3051.0,2.0,2.0,1.0,0.0,98.0,1998.0,Melbourne City Council,-37.8015,144.9526,Northern Metropolitan,6821.0,8.0,1644
North Melbourne,2/100 Curzon St,2,t,888000.0,S,Jellis,2016-12-10,2.3,3051.0,2.0,1.0,1.0,0.0,,,Melbourne City Council,-37.8016,144.9486,Northern Metropolitan,6821.0,4.0,1752
North Melbourne,16 Scotia St,3,h,1325000.0,S,Nelson,2016-12-10,2.3,3051.0,3.0,2.0,1.0,97.0,139.0,2011.0,Melbourne City Council,-37.8014,144.949,Northern Metropolitan,6821.0,4.0,1704
North Melbourne,107/33 Wreckyn St,1,u,368000.0,SP,Jellis,2016-12-10,2.3,3051.0,1.0,1.0,1.0,0.0,52.0,2003.0,Melbourne City Council,-37.8,144.9542,Northern Metropolitan,6821.0,9.0,1631
North Melbourne,15A Lothian St,3,t,1300000.0,S,Jellis,2017-02-11,2.3,3051.0,3.0,2.0,2.0,67.0,,2005.0,Melbourne City Council,-37.804,144.9441,Northern Metropolitan,6821.0,3.0,1440
North Melbourne,23/43 Haines St,2,u,450000.0,VB,W.B.,2016-11-12,2.3,3051.0,2.0,1.0,1.0,1588.0,71.0,1970.0,Melbourne City Council,-37.7988,144.9478,Northern Metropolitan,6821.0,4.0,2095
North Melbourne,6 Shiel St,3,h,1385000.0,S,Nelson,2016-08-13,2.3,3051.0,3.0,2.0,0.0,118.0,150.0,1890.0,Melbourne City Council,-37.7976,144.944,Northern Metropolitan,6821.0,7.0,1991
North Melbourne,44 Byron St,2,h,990000.0,S,Nelson,2016-10-15,2.3,3051.0,2.0,2.0,1.0,584.0,120.0,2008.0,Melbourne City Council,-37.8016,144.9508,Northern Metropolitan,6821.0,7.0,1656
North Melbourne,2/150 Arden St,2,u,440000.0,PI,hockingstuart,2016-04-16,2.3,3051.0,2.0,1.0,1.0,0.0,,1960.0,Melbourne City Council,-37.8004,144.9465,Northern Metropolitan,6821.0,6.0,1937
North Melbourne,12/700 Queensberry St,2,u,606000.0,S,Nelson,2016-04-16,2.3,3051.0,2.0,1.0,2.0,0.0,84.0,2000.0,Melbourne City Council,-37.8022,144.9439,Northern Metropolitan,6821.0,5.0,1654
North Melbourne,103/25 Byron St,1,u,450000.0,SP,Jellis,2016-07-16,2.3,3051.0,1.0,1.0,1.0,0.0,60.0,2012.0,Melbourne City Council,-37.802,144.9516,Northern Metropolitan,6821.0,7.0,1699
North Melbourne,3 Murphy St,3,h,1470000.0,S,Jellis,2016-09-17,2.3,3051.0,2.0,1.0,0.0,232.0,93.0,1930.0,Melbourne City Council,-37.7977,144.9512,Northern Metropolitan,6821.0,8.0,3437
North Melbourne,5/97 Oshanassy St,2,u,591500.0,S,Jellis,2016-09-17,2.3,3051.0,2.0,1.0,1.0,0.0,,,Melbourne City Council,-37.8004,144.9465,Northern Metropolitan,6821.0,6.0,1937
North Melbourne,8/201 Abbotsford St,2,t,1300000.0,VB,Nelson,2016-06-18,2.3,3051.0,2.0,2.0,1.0,0.0,,,Melbourne City Council,-37.8029,144.9452,Northern Metropolitan,6821.0,2.0,1698
North Melbourne,18 Melrose St,2,h,1010000.0,S,Jellis,2016-11-19,2.3,3051.0,2.0,2.0,0.0,109.0,100.0,1900.0,Melbourne City Council,-37.795,144.942,Northern Metropolitan,6821.0,4.0,1971
North Melbourne,674 Victoria St,2,h,1266000.0,S,Jellis,2016-11-19,2.3,3051.0,2.0,1.0,0.0,161.0,106.0,1960.0,Melbourne City Council,-37.8043,144.9437,Northern Metropolitan,6821.0,3.0,1363
North Melbourne,509/30 Wreckyn St,2,u,620000.0,S,LITTLE,2016-11-19,2.3,3051.0,2.0,1.0,2.0,0.0,69.0,2004.0,Melbourne City Council,-37.8004,144.9544,Northern Metropolitan,6821.0,9.0,1611
North Melbourne,3/369 Abbotsford St,2,u,540000.0,S,Alexkarbon,2016-08-22,2.3,3051.0,2.0,1.0,1.0,0.0,,1970.0,Melbourne City Council,-37.7981,144.9461,Northern Metropolitan,6821.0,6.0,2020
North Melbourne,443 Abbotsford St,2,h,1200000.0,SP,Jellis,2016-09-24,2.3,3051.0,2.0,2.0,1.0,146.0,,,Melbourne City Council,-37.7959,144.9464,Northern Metropolitan,6821.0,4.0,2983
North Melbourne,306/350 Victoria St,2,u,630000.0,SP,Alexkarbon,2016-09-24,2.3,3051.0,2.0,1.0,1.0,0.0,75.0,2002.0,Melbourne City Council,-37.8055,144.9547,Northern Metropolitan,6821.0,2.0,1758
North Melbourne,21/70 Oshanassy St,2,u,560000.0,S,Jellis,2017-02-25,2.3,3051.0,2.0,1.0,1.0,2300.0,68.0,1975.0,Melbourne City Council,-37.7997,144.9472,Northern Metropolitan,6821.0,5.0,1945
North Melbourne,20 Scotia St,2,h,800000.0,VB,Nelson,2016-06-27,2.3,3051.0,2.0,2.0,1.0,55.0,,2011.0,Melbourne City Council,-37.8014,144.9488,Northern Metropolitan,6821.0,4.0,1710
North Melbourne,1/109 Arden St,2,u,665500.0,S,Alexkarbon,2016-11-27,2.3,3051.0,2.0,2.0,1.0,0.0,96.0,2012.0,Melbourne City Council,-37.8009,144.9471,Northern Metropolitan,6821.0,3.0,1903
North Melbourne,14/7 Curran St,2,u,550055.0,SP,Jellis,2016-11-27,2.3,3051.0,2.0,1.0,2.0,1004.0,65.0,1971.0,Melbourne City Council,-37.7926,144.9441,Northern Metropolitan,6821.0,3.0,5145
North Melbourne,11/368 Dryburgh St,1,u,358000.0,SP,Jellis,2016-11-27,2.3,3051.0,1.0,1.0,1.0,649.0,43.0,1970.0,Melbourne City Council,-37.7971,144.9448,Northern Metropolitan,6821.0,7.0,1998
North Melbourne,103/171 Flemington Rd,1,u,320000.0,S,W.B.,2016-11-27,2.3,3051.0,1.0,1.0,1.0,0.0,45.0,1975.0,Melbourne City Council,-37.7955,144.9492,Northern Metropolitan,6821.0,5.0,5425
North Melbourne,10 Munster Tce,3,t,1000000.0,VB,Nelson,2016-11-27,2.3,3051.0,3.0,2.0,1.0,61.0,170.0,1920.0,Melbourne City Council,-37.8039,144.9424,Northern Metropolitan,6821.0,5.0,1235
North Melbourne,203/150 Peel St,2,u,598000.0,S,Alexkarbon,2016-11-27,2.3,3051.0,2.0,1.0,1.0,0.0,85.0,2005.0,Melbourne City Council,-37.8044,144.9566,Northern Metropolitan,6821.0,3.0,1697
North Melbourne,2/101 Leveson St,2,u,950000.0,S,hockingstuart,2016-05-28,2.3,3051.0,2.0,2.0,1.0,0.0,2.0,,Melbourne City Council,-37.802,144.951,Northern Metropolitan,6821.0,6.0,1692
North Melbourne,15 Mary St,3,t,1065000.0,S,Alexkarbon,2016-05-28,2.3,3051.0,3.0,2.0,1.0,64.0,,2008.0,Melbourne City Council,-37.7994,144.9521,Northern Metropolitan,6821.0,9.0,2587
North Melbourne,12 Curzon St,2,h,885000.0,S,Jellis,2016-08-28,2.3,3051.0,2.0,1.0,1.0,111.0,73.0,1880.0,Melbourne City Council,-37.8044,144.9481,Northern Metropolitan,6821.0,1.0,1693
North Melbourne,11/19 Wood St,2,u,587134.0,SP,Woodards,2016-08-28,2.3,3051.0,2.0,1.0,1.0,0.0,1.0,1970.0,Melbourne City Council,-37.7976,144.9454,Northern Metropolitan,6821.0,5.0,1995
Parkville,50 Strickland Rd,4,h,1230000.0,S,Nelson,2016-09-03,2.6,3052.0,4.0,2.0,2.0,357.0,249.0,2009.0,Melbourne City Council,-37.7767,144.9403,Northern Metropolitan,2309.0,0.0,1090
Parkville,12/238 The Avenue,3,u,1360000.0,S,Jellis,2016-12-03,2.6,3052.0,3.0,2.0,1.0,0.0,139.0,,Melbourne City Council,-37.7818,144.9576,Northern Metropolitan,2309.0,3.0,5855
Parkville,92 Fitzgibbon St,2,h,1805000.0,S,Collins,2016-10-08,2.6,3052.0,2.0,1.0,1.0,187.0,102.0,1890.0,Melbourne City Council,-37.7939,144.9572,Northern Metropolitan,2309.0,3.0,4296
Parkville,14/18 Lennon St,1,u,352500.0,S,Jellis,2016-10-08,2.6,3052.0,1.0,1.0,1.0,0.0,,,Melbourne City Council,-37.7864,144.9409,Northern Metropolitan,2309.0,1.0,4011
Parkville,47/202 The Avenue,1,u,395000.0,SP,Woodards,2017-02-11,2.6,3052.0,1.0,1.0,1.0,2469.0,,,Melbourne City Council,-37.7827,144.9575,Northern Metropolitan,2309.0,3.0,5603
Parkville,9/18 Lennon St,1,h,307000.0,S,Jellis,2016-10-15,2.6,3052.0,1.0,1.0,1.0,0.0,,,Melbourne City Council,-37.7864,144.9409,Northern Metropolitan,2309.0,1.0,4011
Parkville,152 Park Dr,2,h,2200000.0,S,Collins,2016-10-15,2.6,3052.0,2.0,2.0,1.0,190.0,172.0,1875.0,Melbourne City Council,-37.7928,144.9575,Northern Metropolitan,2309.0,1.0,3886
Parkville,105/459 Royal Pde,1,u,485000.0,PI,Jellis,2016-10-15,2.6,3052.0,1.0,1.0,1.0,0.0,,,Melbourne City Council,-37.7823,144.9593,Northern Metropolitan,2309.0,3.0,4823
Parkville,84 Flemington Rd,10,h,2800000.0,VB,Nelson,2016-04-16,2.6,3052.0,,,,,,,Melbourne City Council,-37.7889,144.9421,Northern Metropolitan,2309.0,1.0,5188
Parkville,168 Gatehouse St,4,h,1717500.0,S,Collins,2016-11-19,2.6,3052.0,4.0,2.0,1.0,165.0,,,Melbourne City Council,-37.7933,144.9556,Northern Metropolitan,2309.0,3.0,5755
Parkville,199 Park Dr,2,h,1265000.0,S,Nelson,2016-11-19,2.6,3052.0,2.0,1.0,0.0,70.0,102.0,1890.0,Melbourne City Council,-37.7931,144.9565,Northern Metropolitan,2309.0,2.0,5184
Parkville,5/361 Royal Pde,1,u,401000.0,S,Nelson,2016-11-19,2.6,3052.0,1.0,1.0,1.0,0.0,,,Melbourne City Council,-37.7852,144.9589,Northern Metropolitan,2309.0,4.0,3700
Parkville,84 Story St,4,h,2375000.0,S,Red,2016-11-19,2.6,3052.0,4.0,2.0,2.0,182.0,,,Melbourne City Council,-37.7965,144.9544,Northern Metropolitan,2309.0,9.0,4276
Parkville,66 Fitzgibbon St,2,h,1851000.0,S,Marshall,2016-08-22,2.6,3052.0,2.0,1.0,1.0,172.0,,1900.0,Melbourne City Council,-37.7948,144.9571,Northern Metropolitan,2309.0,4.0,3906
Parkville,11/2 MacArthur Rd,2,u,734600.0,SP,Woodards,2016-08-22,2.6,3052.0,2.0,2.0,1.0,2427.0,,1990.0,Melbourne City Council,-37.7896,144.9584,Northern Metropolitan,2309.0,2.0,3379
Parkville,110 Gatehouse St,4,h,1928000.0,S,Jellis,2016-09-24,2.6,3052.0,4.0,1.0,0.0,194.0,186.0,1890.0,Melbourne City Council,-37.7944,144.9542,Northern Metropolitan,2309.0,4.0,5300
Parkville,12/196 The Avenue,1,u,526000.0,SP,Nelson,2017-02-25,2.6,3052.0,1.0,1.0,1.0,2488.0,50.0,1995.0,Melbourne City Council,-37.7829,144.9574,Northern Metropolitan,2309.0,3.0,5438
Parkville,187 Park Dr,3,h,2236000.0,S,Collins,2016-06-27,2.6,3052.0,4.0,2.0,1.0,154.0,196.0,1890.0,Melbourne City Council,-37.7934,144.9562,Northern Metropolitan,2309.0,2.0,5400
Parkville,12/228 The Avenue,1,u,500000.0,S,Nelson,2016-11-27,2.6,3052.0,1.0,1.0,1.0,2431.0,,,Melbourne City Council,-37.7821,144.9576,Northern Metropolitan,2309.0,3.0,5828
Parkville,28/238 The Avenue,3,u,1403000.0,S,Nelson,2016-11-27,2.6,3052.0,3.0,2.0,2.0,2401.0,132.0,1980.0,Melbourne City Council,-37.7818,144.9576,Northern Metropolitan,2309.0,3.0,5855
Parkville,14 Carrangall Pl,3,h,965000.0,SP,Woodards,2016-08-28,2.6,3052.0,3.0,2.0,2.0,173.0,,,Melbourne City Council,-37.7795,144.9413,Northern Metropolitan,2309.0,0.0,2581
Parkville,10/238 The Avenue,3,u,1040000.0,S,Nelson,2016-08-28,2.6,3052.0,3.0,2.0,1.0,0.0,,,Melbourne City Council,-37.7818,144.9576,Northern Metropolitan,2309.0,3.0,5855
Parkville,9/196 The Avenue,1,u,526000.0,S,Jellis,2016-07-30,2.6,3052.0,1.0,1.0,1.0,0.0,,1995.0,Melbourne City Council,-37.7829,144.9574,Northern Metropolitan,2309.0,3.0,5438
Parkville,17/248 The Avenue,2,u,750000.0,SP,Jellis,2016-07-30,2.6,3052.0,2.0,1.0,1.0,2193.0,,,Melbourne City Council,-37.7813,144.9578,Northern Metropolitan,2309.0,3.0,5686
South Yarra,43/100 Commercial Rd,3,u,1230000.0,S,Kay,2016-12-03,3.3,3141.0,3.0,2.0,2.0,0.0,138.0,1998.0,Melbourne City Council,-37.8453,144.9849,Southern Metropolitan,14887.0,2.0,703
South Yarra,7/32 Marne St,2,u,695000.0,PI,Kay,2017-03-04,3.3,3141.0,2.0,1.0,0.0,0.0,79.0,1930.0,Melbourne City Council,-37.8361,144.9842,Southern Metropolitan,14887.0,2.0,1176
South Yarra,5/6 Tivoli Pl,2,u,863000.0,S,hockingstuart,2017-03-04,3.3,3141.0,2.0,2.0,1.0,742.0,,1950.0,Melbourne City Council,-37.8357,144.9867,Southern Metropolitan,14887.0,3.0,657
South Yarra,6/176 Walsh St,2,u,680000.0,S,Jellis,2017-03-04,3.3,3141.0,2.0,1.0,1.0,0.0,,,Melbourne City Council,-37.8338,144.9858,Southern Metropolitan,14887.0,2.0,630
South Yarra,29/100 Commercial Rd,3,u,750000.0,S,Marshall,2016-06-04,3.3,3141.0,3.0,2.0,2.0,0.0,,,Melbourne City Council,-37.8453,144.9849,Southern Metropolitan,14887.0,2.0,703
South Yarra,20/30 Mona Pl,2,u,572000.0,SP,hockingstuart,2016-06-04,3.3,3141.0,2.0,1.0,1.0,0.0,73.0,1960.0,Melbourne City Council,-37.8368,144.9857,Southern Metropolitan,14887.0,3.0,1014
South Yarra,12 Witchwood Cl,3,t,1460000.0,PI,hockingstuart,2016-06-04,3.3,3141.0,2.0,2.0,1.0,181.0,148.0,1990.0,Melbourne City Council,-37.8334,144.9867,Southern Metropolitan,14887.0,1.0,558
South Yarra,4/957 Punt Rd,2,u,659000.0,SP,Jellis,2016-11-07,3.3,3141.0,2.0,1.0,1.0,0.0,77.0,1940.0,Melbourne City Council,-37.8314,144.9877,Southern Metropolitan,14887.0,1.0,723
South Yarra,2/1 Walsh St,2,u,1300000.0,PI,Williams,2016-10-08,3.3,3141.0,2.0,2.0,2.0,0.0,107.0,1986.0,Melbourne City Council,-37.8376,144.9847,Southern Metropolitan,14887.0,3.0,1289
South Yarra,6/1 Walsh St,2,u,1300000.0,PI,Williams,2016-10-08,3.3,3141.0,2.0,2.0,1.0,0.0,107.0,1980.0,Melbourne City Council,-37.8376,144.9847,Southern Metropolitan,14887.0,3.0,1289
South Yarra,1/35 Marne St,3,u,1630000.0,PI,Jellis,2016-09-10,3.3,3141.0,3.0,1.0,1.0,0.0,,,Melbourne City Council,-37.8359,144.9839,Southern Metropolitan,14887.0,3.0,1235
South Yarra,8/57 Adams St,1,u,555000.0,S,Williams,2016-11-12,3.3,3141.0,1.0,1.0,1.0,630.0,,,Melbourne City Council,-37.8356,144.9773,Southern Metropolitan,14887.0,3.0,1288
South Yarra,76 Leopold St,3,h,2695000.0,PI,Marshall,2016-11-12,3.3,3141.0,3.0,2.0,1.0,215.0,200.0,1910.0,Melbourne City Council,-37.8361,144.9831,Southern Metropolitan,14887.0,2.0,1410
South Yarra,1/63 Millswyn St,2,u,805000.0,S,Williams,2016-11-12,3.3,3141.0,2.0,1.0,1.0,0.0,,,Melbourne City Council,-37.8359,144.9801,Southern Metropolitan,14887.0,3.0,1564
South Yarra,19/877 Punt Rd,1,u,360000.0,VB,Owen,2016-11-12,3.3,3141.0,1.0,1.0,1.0,0.0,46.0,,Melbourne City Council,-37.8339,144.9872,Southern Metropolitan,14887.0,1.0,496
South Yarra,6/210 Domain Rd,2,u,832000.0,S,Williams,2016-10-15,3.3,3141.0,2.0,1.0,1.0,0.0,,1960.0,Melbourne City Council,-37.8342,144.9842,Southern Metropolitan,14887.0,3.0,840
South Yarra,70 Park St,3,h,3000000.0,VB,Marshall,2016-10-15,3.3,3141.0,3.0,3.0,2.0,191.0,175.0,1890.0,Melbourne City Council,-37.836,144.9824,Southern Metropolitan,14887.0,3.0,1485
South Yarra,2/100 Commercial Rd,3,u,805000.0,S,Kay,2016-09-17,3.3,3141.0,3.0,2.0,3.0,6111.0,,,Melbourne City Council,-37.8453,144.9849,Southern Metropolitan,14887.0,2.0,703
South Yarra,2/234 Domain Rd,4,u,2050000.0,VB,RT,2017-03-18,3.3,3141.0,4.0,2.0,1.0,979.0,,,Melbourne City Council,-37.8344,144.9857,Southern Metropolitan,14887.0,3.0,689
South Yarra,49 Leopold St,4,h,2600000.0,PI,Williams,2017-03-18,3.3,3141.0,4.0,2.0,2.0,141.0,127.0,1880.0,Melbourne City Council,-37.8366,144.9827,Southern Metropolitan,14887.0,2.0,1590
South Yarra,8/28 The Righi,1,u,612000.0,S,hockingstuart,2016-06-18,3.3,3141.0,1.0,1.0,1.0,607.0,,,Melbourne City Council,-37.8328,144.9866,Southern Metropolitan,14887.0,1.0,594
South Yarra,2/41 Walsh St,1,u,480000.0,PI,Williams,2016-11-19,3.3,3141.0,1.0,1.0,1.0,,,,Melbourne City Council,-37.8369,144.9848,Southern Metropolitan,14887.0,3.0,1213
South Yarra,22/49 Walsh St,1,u,567500.0,S,hockingstuart,2016-11-19,3.3,3141.0,1.0,1.0,1.0,0.0,56.0,1970.0,Melbourne City Council,-37.8368,144.9848,Southern Metropolitan,14887.0,3.0,1206
South Yarra,3/38 Arnold St,1,u,540000.0,S,hockingstuart,2016-05-22,3.3,3141.0,1.0,1.0,1.0,480.0,53.0,1930.0,Melbourne City Council,-37.8356,144.9767,Southern Metropolitan,14887.0,4.0,1252
South Yarra,1/949 Punt Rd,1,u,310000.0,SP,hockingstuart,2016-04-23,3.3,3141.0,1.0,1.0,1.0,0.0,37.0,1970.0,Melbourne City Council,-37.8319,144.9876,Southern Metropolitan,14887.0,1.0,631
South Yarra,4/943 Punt Rd,2,u,520000.0,SP,hockingstuart,2016-07-26,3.3,3141.0,2.0,1.0,1.0,0.0,62.0,1890.0,Melbourne City Council,-37.8323,144.9876,Southern Metropolitan,14887.0,1.0,538
South Yarra,9/501 Punt Rd,1,u,260800.0,S,Williams,2016-05-28,3.3,3141.0,2.0,1.0,0.0,0.0,,1960.0,Melbourne City Council,-37.8437,144.9852,Southern Metropolitan,14887.0,3.0,871
South Yarra,9/210 Domain Rd,2,u,826000.0,S,Jellis,2016-08-28,3.3,3141.0,2.0,1.0,1.0,0.0,79.0,1970.0,Melbourne City Council,-37.8342,144.9842,Southern Metropolitan,14887.0,3.0,840
South Yarra,2/28 Tivoli Pl,2,u,910000.0,S,Williams,2016-08-28,3.3,3141.0,2.0,0.0,0.0,0.0,,,Melbourne City Council,-37.8357,144.9859,Southern Metropolitan,14887.0,3.0,818
South Yarra,2/28 Walsh St,3,t,1715000.0,S,Williams,2016-08-28,3.3,3141.0,2.0,2.0,2.0,0.0,,,Melbourne City Council,-37.8374,144.9852,Southern Metropolitan,14887.0,3.0,1178
South Yarra,12 Witchwood Cl,3,h,1700000.0,SP,Biggin,2016-08-28,3.3,3141.0,2.0,2.0,1.0,181.0,148.0,1990.0,Melbourne City Council,-37.8334,144.9867,Southern Metropolitan,14887.0,1.0,558
Southbank,41/106 Southbank Bvd,3,u,720000.0,S,VICPROP,2016-09-03,1.2,3006.0,3.0,1.0,1.0,0.0,106.0,1993.0,Melbourne City Council,-37.8235,144.9655,Southern Metropolitan,8400.0,24.0,1472
Southbank,716/22 Dorcas St,1,u,385500.0,S,LITTLE,2017-03-04,1.2,3006.0,1.0,1.0,1.0,1826.0,,2010.0,Melbourne City Council,-37.8301,144.9697,Southern Metropolitan,8400.0,4.0,1424
Southbank,9/81 Dodds St,3,u,868000.0,SP,Greg,2016-06-04,1.2,3006.0,3.0,2.0,1.0,0.0,114.0,1995.0,Melbourne City Council,-37.8267,144.9687,Southern Metropolitan,8400.0,14.0,1841
Southbank,4/55 Kavanagh St,2,u,590000.0,S,Marshall,2016-06-04,1.2,3006.0,2.0,1.0,1.0,0.0,75.0,,Melbourne City Council,-37.8235,144.9655,Southern Metropolitan,8400.0,24.0,1472
Southbank,293/88 Kavanagh St,2,u,530000.0,VB,Greg,2016-06-04,1.2,3006.0,2.0,1.0,1.0,0.0,84.0,2003.0,Melbourne City Council,-37.8246,144.9632,Southern Metropolitan,8400.0,15.0,1243
Southbank,92/99 Whiteman St,2,u,650000.0,VB,Marshall,2016-08-06,1.2,3006.0,2.0,2.0,1.0,0.0,110.0,2000.0,Melbourne City Council,-37.8273,144.9556,Southern Metropolitan,8400.0,4.0,457
Southbank,6/77 Dodds St,4,u,990000.0,S,Ray,2016-05-07,1.2,3006.0,4.0,3.0,1.0,0.0,172.0,1995.0,Melbourne City Council,-37.8267,144.9687,Southern Metropolitan,8400.0,14.0,1841
Southbank,2/95 Dodds St,2,u,623000.0,S,Cayzer,2016-05-07,1.2,3006.0,2.0,1.0,1.0,0.0,,1995.0,Melbourne City Council,-37.828,144.9683,Southern Metropolitan,8400.0,10.0,1487
Southbank,1605/14 Kavanagh St,2,u,592500.0,S,Ray,2016-05-07,1.2,3006.0,2.0,2.0,1.0,0.0,100.0,2000.0,Melbourne City Council,-37.8227,144.9664,Southern Metropolitan,8400.0,24.0,1523
Southbank,208/102 Wells St,2,u,600000.0,S,Greg,2016-11-07,1.2,3006.0,2.0,2.0,1.0,0.0,99.0,1995.0,Melbourne City Council,-37.828,144.9683,Southern Metropolitan,8400.0,10.0,1487
Southbank,1712/39 Coventry St,2,u,485000.0,PI,Dingle,2016-09-10,1.2,3006.0,2.0,1.0,1.0,2121.0,,2013.0,Melbourne City Council,-37.8295,144.9692,Southern Metropolitan,8400.0,4.0,1400
Southbank,308/18 Kavanagh St,1,u,455000.0,S,Greg,2017-02-11,1.2,3006.0,1.0,1.0,0.0,760.0,70.0,2007.0,Melbourne City Council,-37.8228,144.9661,Southern Metropolitan,8400.0,25.0,1493
Southbank,1509/152 Sturt St,2,u,569000.0,S,MICM,2017-03-11,1.2,3006.0,2.0,2.0,1.0,3878.0,,2012.0,Melbourne City Council,-37.8255,144.9665,Southern Metropolitan,8400.0,18.0,1471
Southbank,80 Coventry St,3,h,1220000.0,S,Greg,2016-11-12,1.2,3006.0,3.0,1.0,1.0,0.0,,,Melbourne City Council,-37.8288,144.9679,Southern Metropolitan,8400.0,2.0,1118
Southbank,6/85 Dodds St,4,u,1250000.0,S,Kay,2016-11-12,1.2,3006.0,4.0,3.0,1.0,0.0,176.0,2000.0,Melbourne City Council,-37.8267,144.9687,Southern Metropolitan,8400.0,14.0,1841
Southbank,909/118 Kavanagh St,2,u,430000.0,PI,Dingle,2016-11-12,1.2,3006.0,2.0,2.0,0.0,2295.0,,2014.0,Melbourne City Council,-37.8256,144.9622,Southern Metropolitan,8400.0,12.0,960
Southbank,406/152 Sturt St,1,u,480000.0,VB,Greg,2016-05-14,1.2,3006.0,1.0,1.0,1.0,3878.0,,2012.0,Melbourne City Council,-37.8255,144.9665,Southern Metropolitan,8400.0,18.0,1471
Southbank,125/173 City Rd,1,u,425000.0,VB,Greg,2016-04-16,1.2,3006.0,1.0,1.0,1.0,0.0,57.0,2004.0,Melbourne City Council,-37.8245,144.9622,Southern Metropolitan,8400.0,12.0,1037
Southbank,7/100 Wells St,3,u,740000.0,VB,Greg,2016-07-16,1.2,3006.0,3.0,2.0,1.0,0.0,105.0,1994.0,Melbourne City Council,-37.828,144.9683,Southern Metropolitan,8400.0,10.0,1487
Southbank,808/8 Kavanagh St,2,u,580000.0,VB,Whiting,2017-03-18,1.2,3006.0,2.0,1.0,1.0,0.0,,2010.0,Melbourne City Council,-37.8226,144.9667,Southern Metropolitan,8400.0,25.0,1571
Southbank,2/66 Coventry St,2,u,660000.0,S,RT,2016-11-19,1.2,3006.0,2.0,1.0,1.0,0.0,77.0,2000.0,Melbourne City Council,-37.8288,144.9679,Southern Metropolitan,8400.0,2.0,1118
Southbank,601/65 Coventry St,2,u,622500.0,S,hockingstuart,2016-05-22,1.2,3006.0,2.0,2.0,1.0,2955.0,67.0,2013.0,Melbourne City Council,-37.8299,144.9679,Southern Metropolitan,8400.0,3.0,966
Southbank,2005/39 Coventry St,2,u,690000.0,S,Greg,2016-04-23,1.2,3006.0,2.0,3.0,1.0,0.0,,2013.0,Melbourne City Council,-37.8295,144.9692,Southern Metropolitan,8400.0,4.0,1400
Southbank,3303/9 Power St,2,u,800000.0,PI,Marshall,2016-09-24,1.2,3006.0,2.0,2.0,2.0,0.0,73.0,2014.0,Melbourne City Council,-37.8229,144.9612,Southern Metropolitan,8400.0,14.0,1075
Southbank,73/1 Riverside Qy,2,u,540000.0,S,Dingle,2016-09-24,1.2,3006.0,2.0,2.0,1.0,0.0,93.0,1994.0,Melbourne City Council,-37.822,144.9637,Southern Metropolitan,8400.0,23.0,1216
Southbank,75/285 City Rd,1,u,370000.0,VB,Dingle,2016-07-30,1.2,3006.0,1.0,1.0,1.0,546.0,51.0,2000.0,Melbourne City Council,-37.8274,144.9587,Southern Metropolitan,8400.0,2.0,681
Southbank,61/88 Wells St,3,u,720000.0,VB,VICPROP,2016-07-30,1.2,3006.0,3.0,2.0,1.0,0.0,112.0,,Melbourne City Council,-37.8273,144.9685,Southern Metropolitan,8400.0,13.0,1672
West Melbourne,44 Anderson St,3,t,1010000.0,S,Jellis,2016-09-03,1.9,3003.0,3.0,3.0,2.0,0.0,132.0,1940.0,Melbourne City Council,-37.8048,144.9424,Northern Metropolitan,2230.0,2.0,1108
West Melbourne,1004/58 Jeffcott St,3,u,650000.0,S,MICM,2016-12-03,1.9,3003.0,3.0,2.0,1.0,0.0,,,Melbourne City Council,-37.8117,144.9518,Northern Metropolitan,2230.0,8.0,963
West Melbourne,115 Abbotsford St,3,h,1260000.0,S,Alexkarbon,2016-06-04,1.9,3003.0,2.0,3.0,2.0,506.0,195.0,2000.0,Melbourne City Council,-37.805,144.9448,Northern Metropolitan,2230.0,2.0,1448
West Melbourne,10/18 Ireland St,1,u,460000.0,PI,Nelson,2016-06-04,1.9,3003.0,1.0,1.0,1.0,0.0,52.0,2000.0,Melbourne City Council,-37.8076,144.9456,Northern Metropolitan,2230.0,2.0,1379
West Melbourne,96 Roden St,3,h,2370000.0,S,Alexkarbon,2016-06-04,1.9,3003.0,3.0,3.0,2.0,265.0,280.0,1880.0,Melbourne City Council,-37.8073,144.9481,Northern Metropolitan,2230.0,3.0,1612
West Melbourne,8/115 Stanley St,2,t,800000.0,VB,Nelson,2016-08-06,1.9,3003.0,2.0,2.0,2.0,54.0,89.0,2006.0,Melbourne City Council,-37.8094,144.9479,Northern Metropolitan,2230.0,1.0,1216
West Melbourne,9/24 Ireland St,1,u,550000.0,S,Nelson,2016-05-07,1.9,3003.0,1.0,1.0,1.0,0.0,207.0,1930.0,Melbourne City Council,-37.8076,144.9456,Northern Metropolitan,2230.0,2.0,1379
West Melbourne,108/33 Jeffcott St,3,u,660000.0,PI,hockingstuart,2016-05-07,1.9,3003.0,3.0,2.0,1.0,0.0,100.0,1998.0,Melbourne City Council,-37.8118,144.9526,Northern Metropolitan,2230.0,9.0,912
West Melbourne,2/212 Roden St,2,t,1055000.0,S,Jellis,2016-10-08,1.9,3003.0,2.0,1.0,1.0,0.0,154.0,2009.0,Melbourne City Council,-37.8094,144.9452,Northern Metropolitan,2230.0,1.0,1028
West Melbourne,9/561 Spencer St,3,u,995000.0,S,Alexkarbon,2017-03-18,1.9,3003.0,3.0,1.0,1.0,0.0,153.0,1940.0,Melbourne City Council,-37.8076,144.9474,Northern Metropolitan,2230.0,2.0,1473
West Melbourne,6/40 Batman St,3,t,1130000.0,PI,Caine,2016-06-18,1.9,3003.0,3.0,2.0,2.0,116.0,,2002.0,Melbourne City Council,-37.8102,144.9515,Northern Metropolitan,2230.0,6.0,1275
West Melbourne,209/5 Stawell St,1,u,443000.0,S,Nelson,2016-09-24,1.9,3003.0,1.0,1.0,1.0,547.0,58.0,1900.0,Melbourne City Council,-37.806,144.942,Northern Metropolitan,2230.0,1.0,964
West Melbourne,7/88 Ireland St,3,t,1120000.0,S,Jellis,2017-02-25,1.9,3003.0,3.0,3.0,1.0,801.0,122.0,2008.0,Melbourne City Council,-37.8067,144.9435,Northern Metropolitan,2230.0,1.0,1192
West Melbourne,11/24 Ireland St,1,u,482000.0,SP,Nelson,2016-07-26,1.9,3003.0,1.0,1.0,1.0,0.0,62.0,1930.0,Melbourne City Council,-37.8076,144.9456,Northern Metropolitan,2230.0,2.0,1379
West Melbourne,5/467 King St,2,u,620000.0,S,Jellis,2016-05-28,1.9,3003.0,2.0,1.0,1.0,0.0,83.0,2002.0,Melbourne City Council,-37.8091,144.952,Northern Metropolitan,2230.0,5.0,1425
West Melbourne,44 Miller St,4,h,2100000.0,S,Brad,2016-05-28,1.9,3003.0,4.0,1.0,0.0,440.0,,,Melbourne City Council,-37.8056,144.9463,Northern Metropolitan,2230.0,2.0,1666
West Melbourne,19/33 Jeffcott St,3,u,601000.0,S,MICM,2016-07-30,1.9,3003.0,2.0,1.0,1.0,0.0,81.0,1996.0,Melbourne City Council,-37.8118,144.9526,Northern Metropolitan,2230.0,9.0,912
Carlton,46/121 Rathdowne St,3,u,735000.0,SP,Woodards,2016-12-03,1.8,3053.0,3.0,1.0,2.0,3455.0,,,Melbourne City Council,-37.8042,144.9691,Northern Metropolitan,6786.0,10.0,1610
Carlton,22 Faraday St,2,h,1460000.0,S,Nelson,2017-03-04,1.8,3053.0,2.0,1.0,0.0,99.0,,,Melbourne City Council,-37.7992,144.9738,Northern Metropolitan,6786.0,5.0,1353
Carlton,8/31 Bouverie St,3,u,860000.0,PI,Woodards,2016-06-04,1.8,3053.0,2.0,2.0,1.0,0.0,109.0,1994.0,Melbourne City Council,-37.8052,144.9604,Northern Metropolitan,6786.0,4.0,1484
Carlton,40 Carlton St,3,h,1662000.0,S,Nelson,2016-05-07,1.8,3053.0,3.0,1.0,0.0,118.0,,,Melbourne City Council,-37.8009,144.9729,Northern Metropolitan,6786.0,9.0,1211
Carlton,254 Faraday St,3,h,1590000.0,SP,Woodards,2016-05-07,1.8,3053.0,2.0,2.0,2.0,100.0,106.0,1900.0,Melbourne City Council,-37.7983,144.9655,Northern Metropolitan,6786.0,8.0,1275
Carlton,111/101 Grattan St,2,u,610250.0,S,Nelson,2016-05-07,1.8,3053.0,2.0,1.0,1.0,0.0,72.0,1994.0,Melbourne City Council,-37.8009,144.9662,Northern Metropolitan,6786.0,11.0,1584
Carlton,83 Princes St,2,h,720000.0,PI,hockingstuart,2016-05-07,1.8,3053.0,2.0,1.0,1.0,117.0,71.0,1890.0,Melbourne City Council,-37.793,144.9728,Northern Metropolitan,6786.0,3.0,1027
Carlton,83 Cardigan St,2,h,840000.0,SP,Jellis,2016-10-08,1.8,3053.0,2.0,1.0,0.0,66.0,81.0,1900.0,Melbourne City Council,-37.8049,144.9644,Northern Metropolitan,6786.0,7.0,1473
Carlton,704/668 Swanston St,2,u,795000.0,S,Nelson,2016-12-10,1.8,3053.0,2.0,2.0,1.0,0.0,,,Melbourne City Council,-37.8009,144.9642,Northern Metropolitan,6786.0,10.0,1433
Carlton,8/220 Elgin St,2,u,705000.0,S,Harrington,2016-11-12,1.8,3053.0,2.0,1.0,1.0,0.0,70.0,2000.0,Melbourne City Council,-37.7969,144.9669,Northern Metropolitan,6786.0,7.0,1438
Carlton,268 Faraday St,1,u,435000.0,S,Woodards,2016-08-13,1.8,3053.0,1.0,1.0,1.0,0.0,,,Melbourne City Council,-37.7982,144.9651,Northern Metropolitan,6786.0,8.0,1222
Carlton,176 Cardigan St,4,h,1630100.0,S,Ascend,2016-05-14,1.8,3053.0,4.0,2.0,0.0,132.0,195.0,1890.0,Melbourne City Council,-37.801,144.9656,Northern Metropolitan,6786.0,11.0,1560
Carlton,102/479 Cardigan St,2,u,480000.0,VB,Jellis,2016-05-14,1.8,3053.0,2.0,1.0,1.0,0.0,,2012.0,Melbourne City Council,-37.7939,144.9663,Northern Metropolitan,6786.0,5.0,1022
Carlton,136 Faraday St,4,h,1600000.0,PI,hockingstuart,2016-05-14,1.8,3053.0,4.0,2.0,1.0,635.0,,,Melbourne City Council,-37.7988,144.97,Northern Metropolitan,6786.0,10.0,1950
Carlton,403/20 Reeves St,2,u,500000.0,S,Harrington,2016-05-14,1.8,3053.0,2.0,2.0,1.0,0.0,65.0,2010.0,Melbourne City Council,-37.7929,144.9705,Northern Metropolitan,6786.0,3.0,1236
Carlton,18 Pitt St,3,h,920000.0,SP,Woodards,2016-10-15,1.8,3053.0,3.0,1.0,0.0,121.0,,,Melbourne City Council,-37.7957,144.9725,Northern Metropolitan,6786.0,5.0,1526
Carlton,99 Neill St,3,h,1600000.0,SP,Nelson,2016-09-17,1.8,3053.0,2.0,3.0,1.0,0.0,192.0,,Melbourne City Council,-37.7945,144.9718,Northern Metropolitan,6786.0,5.0,1439
Carlton,100 Faraday St,2,h,1010000.0,S,Jellis,2017-03-18,1.8,3053.0,2.0,1.0,0.0,101.0,60.0,1880.0,Melbourne City Council,-37.7989,144.9713,Northern Metropolitan,6786.0,9.0,1824
Carlton,14/52 Leicester St,3,u,875000.0,S,Jellis,2017-03-18,1.8,3053.0,3.0,1.0,1.0,0.0,,,Melbourne City Council,-37.8052,144.9604,Northern Metropolitan,6786.0,4.0,1484
Carlton,34 Barkly St,2,h,1170000.0,S,Nelson,2016-06-18,1.8,3053.0,2.0,1.0,1.0,144.0,81.0,1890.0,Melbourne City Council,-37.7984,144.9738,Northern Metropolitan,6786.0,5.0,1423
Carlton,436 Lygon St,4,h,1260000.0,PI,Nelson,2016-06-18,1.8,3053.0,4.0,1.0,2.0,151.0,,,Melbourne City Council,-37.7965,144.9679,Northern Metropolitan,6786.0,8.0,1639
Carlton,205/37 Palmerston St,2,u,600000.0,PI,Woodards,2016-05-22,1.8,3053.0,2.0,2.0,1.0,0.0,67.0,2013.0,Melbourne City Council,-37.7969,144.9742,Northern Metropolitan,6786.0,6.0,1365
Carlton,309/20 Reeves St,1,u,310000.0,PI,hockingstuart,2016-05-22,1.8,3053.0,1.0,1.0,1.0,0.0,,,Melbourne City Council,-37.7929,144.9705,Northern Metropolitan,6786.0,3.0,1236
Carlton,99 Neill St,3,h,1550000.0,VB,Nelson,2016-08-22,1.8,3053.0,2.0,3.0,1.0,0.0,192.0,,Melbourne City Council,-37.7945,144.9718,Northern Metropolitan,6786.0,5.0,1439
Carlton,32 Dorrit St,4,h,2033000.0,S,Nelson,2016-04-23,1.8,3053.0,2.0,2.0,2.0,123.0,,,Melbourne City Council,-37.7998,144.9665,Northern Metropolitan,6786.0,11.0,1541
Carlton,2/105 Neill St,3,u,1110000.0,S,Nelson,2016-09-24,1.8,3053.0,3.0,2.0,1.0,0.0,,,Melbourne City Council,-37.7946,144.9716,Northern Metropolitan,6786.0,5.0,1510
Carlton,21 Grattan St,4,h,2705000.0,S,Jellis,2017-02-25,1.8,3053.0,4.0,2.0,2.0,0.0,,,Melbourne City Council,-37.8012,144.9689,Northern Metropolitan,6786.0,14.0,1722
Carlton,130 Rathdowne St,4,h,1616000.0,S,Woodards,2017-02-25,1.8,3053.0,4.0,1.0,0.0,152.0,139.0,1890.0,Melbourne City Council,-37.7966,144.9709,Northern Metropolitan,6786.0,7.0,1961
Carlton,13/25 Barkly St,2,u,585000.0,S,Walshe,2016-11-27,1.8,3053.0,2.0,1.0,1.0,0.0,,,Melbourne City Council,-37.7985,144.9745,Northern Metropolitan,6786.0,4.0,1204
Carlton,73 Palmerston St,4,h,1162000.0,S,Woodards,2016-11-27,1.8,3053.0,4.0,1.0,0.0,121.0,,,Melbourne City Council,-37.7967,144.9724,Northern Metropolitan,6786.0,7.0,1687
Carlton,30/188 Faraday St,2,u,589000.0,S,Nelson,2016-05-28,1.8,3053.0,2.0,1.0,1.0,0.0,63.0,1999.0,Melbourne City Council,-37.7986,144.9682,Northern Metropolitan,6786.0,12.0,1806
Carlton,425 Cardigan St,4,h,2345000.0,S,Woodards,2016-08-28,1.8,3053.0,4.0,1.0,1.0,284.0,,,Melbourne City Council,-37.7962,144.9659,Northern Metropolitan,6786.0,7.0,1198
Carlton,27 Faraday St,2,h,1117000.0,S,Woodards,2016-08-28,1.8,3053.0,2.0,1.0,0.0,128.0,92.0,1890.0,Melbourne City Council,-37.7996,144.9737,Northern Metropolitan,6786.0,6.0,1309
Carlton,12/209 Cardigan St,2,u,600000.0,VB,Nelson,2016-07-30,1.8,3053.0,2.0,1.0,1.0,0.0,,,Melbourne City Council,-37.8018,144.965,Northern Metropolitan,6786.0,10.0,1593
Carlton,24 Pitt St,2,h,957000.0,S,Woodards,2016-07-30,1.8,3053.0,2.0,1.0,1.0,122.0,,,Melbourne City Council,-37.7957,144.9724,Northern Metropolitan,6786.0,5.0,1542
East Melbourne,110 Vale St,2,h,4525000.0,S,Caine,2016-12-03,1.5,3002.0,2.0,2.0,1.0,220.0,279.0,,Melbourne City Council,-37.8181,144.9879,Northern Metropolitan,3040.0,6.0,552
East Melbourne,124 Powlett St,3,h,3520000.0,S,Jellis,2016-06-04,1.5,3002.0,2.0,2.0,3.0,364.0,,,Melbourne City Council,-37.8127,144.9861,Northern Metropolitan,3040.0,10.0,1805
East Melbourne,37/22 Agnes St,2,u,740000.0,SP,Woodards,2016-10-08,1.5,3002.0,2.0,0.0,0.0,0.0,,,Melbourne City Council,-37.8177,144.9801,Northern Metropolitan,3040.0,10.0,1673
East Melbourne,6/45 Gipps St,1,u,1015000.0,S,Caine,2016-10-08,1.5,3002.0,1.0,1.0,1.0,0.0,,,Melbourne City Council,-37.8136,144.9892,Northern Metropolitan,3040.0,4.0,1201
East Melbourne,706/30 St Andrews Pl,2,u,1400000.0,S,Caine,2016-10-08,1.5,3002.0,2.0,2.0,1.0,0.0,,,Melbourne City Council,-37.8118,144.9762,Northern Metropolitan,3040.0,23.0,2023
East Melbourne,203/140 Gipps St,2,u,1935000.0,SP,Nelson,2016-07-16,1.5,3002.0,2.0,2.0,2.0,0.0,150.0,2010.0,Melbourne City Council,-37.8127,144.9847,Northern Metropolitan,3040.0,13.0,2310
East Melbourne,496 Victoria Pde,4,h,1475000.0,S,Frank,2016-06-18,1.5,3002.0,2.0,1.0,1.0,179.0,,,Melbourne City Council,-37.8099,144.9879,Northern Metropolitan,3040.0,6.0,932
East Melbourne,1/187 George St,2,u,700000.0,PI,Harcourts,2016-08-22,1.5,3002.0,2.0,2.0,1.0,0.0,65.0,1970.0,Melbourne City Council,-37.8153,144.9842,Northern Metropolitan,3040.0,14.0,2045
East Melbourne,6/108 George St,1,u,565000.0,SP,Caine,2016-09-24,1.5,3002.0,1.0,1.0,0.0,0.0,,,Melbourne City Council,-37.8153,144.9868,Northern Metropolitan,3040.0,9.0,1440
East Melbourne,2/35 Powlett St,2,u,900000.0,SP,Caine,2017-02-25,1.5,3002.0,2.0,1.0,1.0,0.0,,,Melbourne City Council,-37.8154,144.9851,Northern Metropolitan,3040.0,12.0,1888
East Melbourne,11/201 Wellington Pde S,1,u,630000.0,SP,Caine,2017-02-25,1.5,3002.0,1.0,1.0,1.0,0.0,,,Melbourne City Council,-37.8168,144.9787,Northern Metropolitan,3040.0,8.0,2335
East Melbourne,7/45 Gipps St,1,u,750000.0,SP,Caine,2016-05-28,1.5,3002.0,2.0,1.0,0.0,0.0,46.0,1930.0,Melbourne City Council,-37.8136,144.9892,Northern Metropolitan,3040.0,4.0,1201
East Melbourne,9/35 Powlett St,2,u,872000.0,S,Dingle,2016-05-28,1.5,3002.0,0.0,0.0,0.0,0.0,,,Melbourne City Council,-37.8154,144.9851,Northern Metropolitan,3040.0,12.0,1888
East Melbourne,38/22 Agnes St,2,u,765000.0,SP,Woodards,2016-08-28,1.5,3002.0,2.0,1.0,1.0,0.0,,,Melbourne City Council,-37.8177,144.9801,Northern Metropolitan,3040.0,10.0,1673
Docklands,2305/241 Harbour Esp,1,u,360000.0,VB,RT,2016-12-10,1.9,3008.0,1.0,1.0,1.0,0.0,,,Melbourne City Council,-37.8133,144.9433,Southern Metropolitan,4707.0,7.0,817
Docklands,202/440 Docklands Dr,4,t,1370000.0,S,Raine,2016-08-13,1.9,3008.0,4.0,2.0,2.0,0.0,,,Melbourne City Council,-37.8141,144.9387,Southern Metropolitan,4707.0,9.0,1350
Docklands,1508/50 Lorimer St,2,u,800000.0,VB,RT,2016-06-27,1.9,3008.0,2.0,2.0,2.0,0.0,128.0,,Melbourne City Council,-37.8249,144.9476,Southern Metropolitan,4707.0,7.0,1518
Melbourne,501/318 Little Lonsdale St,1,u,432000.0,S,Greg,2017-05-06,2.8,3000.0,1.0,1.0,1.0,0.0,,2001.0,Melbourne City Council,-37.8116,144.9603,Northern Metropolitan,17496.0,22.0,886
Melbourne,601/616 Little Collins St,4,u,1850000.0,VB,hockingstuart,2017-04-08,2.8,3000.0,4.0,2.0,1.0,0.0,213.0,1938.0,Melbourne City Council,-37.8177,144.9544,Northern Metropolitan,17496.0,5.0,717
Melbourne,2208/380 Little Lonsdale St,1,u,333000.0,SP,Biggin,2017-04-08,2.8,3000.0,1.0,1.0,0.0,0.0,41.0,2010.0,Melbourne City Council,-37.8122,144.9582,Northern Metropolitan,17496.0,16.0,992
Melbourne,402/455 Elizabeth St,2,u,452000.0,S,RT,2017-05-13,2.8,3000.0,2.0,1.0,0.0,0.0,60.0,2006.0,Melbourne City Council,-37.8084,144.9602,Northern Metropolitan,17496.0,14.0,1057
Melbourne,1101/265 Exhibition St,3,u,895000.0,S,hockingstuart,2017-04-22,2.8,3000.0,3.0,2.0,3.0,0.0,,,Melbourne City Council,-37.8095,144.9691,Northern Metropolitan,17496.0,17.0,1274
Melbourne,203/551 Flinders La,1,u,275000.0,VB,Whiting,2017-04-22,2.8,3000.0,1.0,1.0,0.0,0.0,52.0,2000.0,Melbourne City Council,-37.8199,144.9558,Northern Metropolitan,17496.0,11.0,704
Melbourne,1201/565 Flinders St,2,u,683000.0,S,MICM,2017-04-22,2.8,3000.0,2.0,2.0,1.0,1136.0,88.0,2009.0,Melbourne City Council,-37.8211,144.9559,Northern Metropolitan,17496.0,13.0,659
Melbourne,204/300 Swanston St,2,u,640000.0,VB,Greg,2017-04-22,2.8,3000.0,2.0,1.0,1.0,0.0,66.0,2005.0,Melbourne City Council,-37.8106,144.9646,Northern Metropolitan,17496.0,21.0,809
Parkville,13/54 The Avenue,3,u,835000.0,S,Nelson,2017-05-06,2.6,3052.0,3.0,1.0,1.0,0.0,,1978.0,Melbourne City Council,-37.7867,144.9572,Northern Metropolitan,2309.0,1.0,4800
Parkville,21 Morrah St,4,h,3970000.0,S,Collins,2017-05-13,2.6,3052.0,4.0,3.0,1.0,289.0,,,Melbourne City Council,-37.7959,144.9569,Northern Metropolitan,2309.0,6.0,3652
Parkville,55 Park Dr,3,h,2790000.0,S,Collins,2017-05-20,2.6,3052.0,3.0,2.0,1.0,180.0,120.0,1890.0,Melbourne City Council,-37.7961,144.9538,Northern Metropolitan,2309.0,9.0,4714
South Yarra,2/63 Domain St,3,u,920000.0,S,Williams,2017-05-13,3.3,3141.0,3.0,1.0,1.0,0.0,,1970.0,Melbourne City Council,-37.836,144.9782,Southern Metropolitan,14887.0,3.0,1356
South Yarra,3/555 Punt Rd,2,u,642000.0,S,Kay,2017-05-13,3.3,3141.0,2.0,1.0,1.0,595.0,,,Melbourne City Council,-37.8422,144.9855,Southern Metropolitan,14887.0,3.0,1100
South Yarra,13/47 Marne St,1,u,390500.0,SP,hockingstuart,2017-04-29,3.3,3141.0,1.0,1.0,0.0,775.0,46.0,1960.0,Melbourne City Council,-37.8354,144.984,Southern Metropolitan,14887.0,3.0,1107
South Yarra,9/21 Park La,3,u,2050000.0,S,Kay,2017-04-29,3.3,3141.0,3.0,2.0,2.0,3197.0,,,Melbourne City Council,-37.8446,144.9844,Southern Metropolitan,14887.0,4.0,907
Carlton,2/100 Keppel St,2,t,960000.0,VB,Nelson,2017-05-20,1.8,3053.0,2.0,2.0,1.0,0.0,90.0,1860.0,Melbourne City Council,-37.7947,144.9724,Northern Metropolitan,6786.0,5.0,1356
Carlton,11/108 Elgin St,2,u,995000.0,S,Woodards,2017-04-22,1.8,3053.0,2.0,2.0,1.0,0.0,110.0,2000.0,Melbourne City Council,-37.7973,144.9712,Northern Metropolitan,6786.0,7.0,1871
Carlton,20/264 Drummond St,1,u,490000.0,S,hockingstuart,2017-04-29,1.8,3053.0,1.0,1.0,1.0,0.0,51.0,2009.0,Melbourne City Council,-37.7998,144.9689,Northern Metropolitan,6786.0,15.0,1916
Carlton,10/3 Lytton St,2,u,500000.0,VB,Peter,2017-04-29,1.8,3053.0,2.0,1.0,1.0,4076.0,,,Melbourne City Council,-37.7941,144.9678,Northern Metropolitan,6786.0,5.0,1241
East Melbourne,402/166 Wellington Pde,1,u,503000.0,S,Biggin,2017-04-08,1.5,3002.0,1.0,1.0,1.0,0.0,,,Melbourne City Council,-37.8161,144.9845,Northern Metropolitan,3040.0,10.0,1667
East Melbourne,4/24 Hotham St,2,u,810000.0,S,Biggin,2017-05-13,1.5,3002.0,2.0,1.0,1.0,944.0,,,Melbourne City Council,-37.8144,144.9896,Northern Metropolitan,3040.0,2.0,1118
East Melbourne,127 Gipps St,4,h,4275000.0,S,Caine,2017-05-20,1.5,3002.0,4.0,2.0,2.0,326.0,,1970.0,Melbourne City Council,-37.8133,144.9865,Northern Metropolitan,3040.0,8.0,1746
Kensington,303/62 Altona St,1,u,355000.0,SP,Edward,2017-04-08,4.2,3031.0,1.0,1.0,1.0,2581.0,,,Melbourne City Council,-37.7979,144.9265,Northern Metropolitan,5263.0,3.0,1777
Kensington,20 Bradfield La,1,t,425000.0,SA,Biggin,2017-04-08,4.2,3031.0,1.0,1.0,1.0,0.0,46.0,2000.0,Melbourne City Council,-37.7886,144.9253,Northern Metropolitan,5263.0,3.0,1527
Kensington,217/71 Henry St,2,u,535000.0,SP,Pagan,2017-04-08,4.2,3031.0,2.0,2.0,1.0,2592.0,70.0,2012.0,Melbourne City Council,-37.7961,144.9261,Northern Metropolitan,5263.0,6.0,2199
Kensington,10/2 Howlett St,2,u,500000.0,S,Edward,2017-04-08,4.2,3031.0,2.0,1.0,1.0,0.0,86.0,2000.0,Melbourne City Council,-37.7897,144.9228,Northern Metropolitan,5263.0,2.0,1665
Kensington,9/11 Smith St,2,u,525000.0,VB,Edward,2017-05-13,4.2,3031.0,2.0,1.0,1.0,0.0,73.0,2011.0,Melbourne City Council,-37.7912,144.9318,Northern Metropolitan,5263.0,4.0,1311
Kensington,16 Altona St,2,h,1110000.0,S,Nelson,2017-05-20,4.2,3031.0,2.0,1.0,0.0,155.0,,,Melbourne City Council,-37.7989,144.9275,Northern Metropolitan,5263.0,3.0,2472
Kensington,4/26 Barnett St,3,t,917500.0,S,Nelson,2017-05-20,4.2,3031.0,3.0,1.0,1.0,98.0,101.0,1997.0,Melbourne City Council,-37.791,144.9323,Northern Metropolitan,5263.0,2.0,1197
Kensington,109/18 Bent St,2,u,730000.0,SP,Rendina,2017-05-20,4.2,3031.0,2.0,2.0,1.0,2135.0,,2012.0,Melbourne City Council,-37.7956,144.935,Northern Metropolitan,5263.0,2.0,1340
Kensington,2/2 McCracken St,2,t,811000.0,SP,Biggin,2017-05-20,4.2,3031.0,2.0,1.0,0.0,113.0,,,Melbourne City Council,-37.7898,144.9276,Northern Metropolitan,5263.0,4.0,1749
Kensington,23 Wakefield St,3,h,1190000.0,S,Rendina,2017-05-20,4.2,3031.0,3.0,2.0,1.0,180.0,,,Melbourne City Council,-37.7973,144.9208,Northern Metropolitan,5263.0,1.0,2480
Kensington,33 Chelmsford St,2,h,903000.0,S,Rendina,2017-04-22,4.2,3031.0,2.0,1.0,0.0,184.0,,,Melbourne City Council,-37.7964,144.9339,Northern Metropolitan,5263.0,2.0,1233
Kensington,41 Kensington Rd,3,h,902500.0,S,Rendina,2017-04-22,4.2,3031.0,3.0,1.0,1.0,0.0,125.0,2003.0,Melbourne City Council,-37.7954,144.9259,Northern Metropolitan,5263.0,6.0,2366
Kensington,33 McCracken St,4,h,1817000.0,SP,Hodges,2017-04-22,4.2,3031.0,4.0,2.0,1.0,309.0,,,Melbourne City Council,-37.791,144.928,Northern Metropolitan,5263.0,5.0,2023
Kensington,2/75 McCracken St,2,u,528000.0,S,Nelson,2017-04-22,4.2,3031.0,2.0,1.0,1.0,0.0,,1975.0,Melbourne City Council,-37.7928,144.9279,Northern Metropolitan,5263.0,4.0,2367
Kensington,420 Arden St,2,h,1000000.0,VB,Nelson,2017-04-29,4.2,3031.0,2.0,1.0,0.0,159.0,,,Melbourne City Council,-37.7985,144.9307,Northern Metropolitan,5263.0,2.0,1635
Kensington,310/71 Henry St,1,u,380000.0,VB,Edward,2017-04-29,4.2,3031.0,1.0,1.0,1.0,2592.0,,,Melbourne City Council,-37.7961,144.9261,Northern Metropolitan,5263.0,6.0,2199
Kensington,33 McCracken St,4,h,1817000.0,SP,Hodges,2017-04-29,4.2,3031.0,4.0,2.0,1.0,309.0,,,Melbourne City Council,-37.791,144.928,Northern Metropolitan,5263.0,5.0,2023
North Melbourne,41 Chapman St,3,h,2161000.0,S,Nelson,2017-05-13,2.3,3051.0,3.0,2.0,1.0,230.0,245.0,1900.0,Melbourne City Council,-37.7987,144.9434,Northern Metropolitan,6821.0,5.0,1841
North Melbourne,5 Murphy St,3,h,1485000.0,S,Jellis,2017-05-20,2.3,3051.0,3.0,1.0,1.0,198.0,95.0,1968.0,Melbourne City Council,-37.8029,144.9459,Northern Metropolitan,6821.0,2.0,1753
Southbank,2402/163 City Rd,2,u,505000.0,S,Dixon,2017-04-08,1.2,3006.0,2.0,1.0,1.0,0.0,,,Melbourne City Council,-37.8242,144.9626,Southern Metropolitan,8400.0,14.0,1145
Southbank,4/5 Miles St,2,u,595000.0,S,RT,2017-04-08,1.2,3006.0,2.0,1.0,1.0,0.0,75.0,1998.0,Melbourne City Council,-37.8288,144.9679,Southern Metropolitan,8400.0,2.0,1118
Southbank,51/88 Wells St,2,u,580000.0,VB,MICM,2017-04-08,1.2,3006.0,2.0,1.0,1.0,0.0,79.0,1995.0,Melbourne City Council,-37.8273,144.9685,Southern Metropolitan,8400.0,13.0,1672
Southbank,9/120 Sturt St,2,u,580000.0,SA,William,2017-05-13,1.2,3006.0,2.0,1.0,1.0,0.0,70.0,1994.0,Melbourne City Council,-37.8248,144.9667,Southern Metropolitan,8400.0,21.0,1562
West Melbourne,218 Adderley St,3,h,1750000.0,S,Woodards,2017-05-13,1.9,3003.0,3.0,1.0,1.0,160.0,,1870.0,Melbourne City Council,-37.8082,144.9451,Northern Metropolitan,2230.0,1.0,1208
West Melbourne,3/212 Roden St,2,t,1013000.0,S,Alexkarbon,2017-05-20,1.9,3003.0,2.0,2.0,1.0,0.0,130.0,2010.0,Melbourne City Council,-37.8094,144.9452,Northern Metropolitan,2230.0,1.0,1028
West Melbourne,7/234 Roden St,3,t,1171000.0,S,Alexkarbon,2017-05-20,1.9,3003.0,3.0,2.0,1.0,650.0,,,Melbourne City Council,-37.8098,144.9448,Northern Metropolitan,2230.0,1.0,991
West Melbourne,53 Miller St,2,h,1053000.0,S,Purplebricks,2017-04-22,1.9,3003.0,2.0,1.0,0.0,147.0,,1880.0,Melbourne City Council,-37.8059,144.9459,Northern Metropolitan,2230.0,2.0,1580
West Melbourne,316/145 Roden St,1,u,295000.0,SP,Alexkarbon,2017-04-29,1.9,3003.0,1.0,1.0,1.0,0.0,,2013.0,Melbourne City Council,-37.8084,144.9473,Northern Metropolitan,2230.0,2.0,1307
Carlton,5/50 Barkly St,1,u,350000.0,VB,Woodards,2017-07-01,1.6,3053.0,1.0,1.0,1.0,0.0,30.6,1970.0,Melbourne City Council,-37.79859,144.97336,Northern Metropolitan,6786.0,6.0,1502
Carlton,106/37 Palmerston St,2,u,620000.0,S,Woodards,2017-07-01,1.6,3053.0,2.0,2.0,1.0,0.0,,2013.0,Melbourne City Council,-37.7969,144.9742,Northern Metropolitan,6786.0,6.0,1365
Carlton,113 Station St,3,h,1760000.0,S,Nelson,2017-07-01,1.6,3053.0,3.0,2.0,2.0,151.0,,,Melbourne City Council,-37.79449,144.97406,Northern Metropolitan,6786.0,4.0,1088
Kensington,17/120 Newman St,3,t,967000.0,S,Edward,2017-07-01,3.4,3031.0,3.0,2.0,2.0,0.0,120.0,1999.0,Melbourne City Council,-37.79482,144.92192,Northern Metropolitan,5263.0,1.0,3101
Kensington,10 Rankins Rd,2,h,850000.0,VB,Nelson,2017-07-01,3.4,3031.0,2.0,1.0,0.0,133.0,,,Melbourne City Council,-37.78906,144.93173,Northern Metropolitan,5263.0,1.0,1067
Kensington,3/58 Rankins Rd,1,t,500000.0,VB,Nelson,2017-07-01,3.4,3031.0,1.0,1.0,0.0,142.0,,,Melbourne City Council,-37.79059,144.93145,Northern Metropolitan,5263.0,4.0,1272
Kensington,9/11 Smith St,2,u,535000.0,SP,Edward,2017-07-01,3.4,3031.0,2.0,1.0,1.0,0.0,70.0,2011.0,Melbourne City Council,-37.79122,144.93175,Northern Metropolitan,5263.0,5.0,1325
North Melbourne,8/302 Abbotsford St,2,u,550000.0,S,Nelson,2017-07-01,1.8,3051.0,2.0,1.0,0.0,4563.0,,,Melbourne City Council,-37.79939,144.94635,Northern Metropolitan,6821.0,6.0,1983
North Melbourne,187 Errol St,2,h,962000.0,S,Alexkarbon,2017-07-01,1.8,3051.0,2.0,1.0,0.0,91.0,2.0,,Melbourne City Council,-37.80037,144.94981,Northern Metropolitan,6821.0,7.0,1696
North Melbourne,2E Princess St,2,t,936000.0,S,Jellis,2017-07-01,1.8,3051.0,2.0,1.0,0.0,0.0,,,Melbourne City Council,-37.80487,144.95705,Northern Metropolitan,6821.0,2.0,1715
Kensington,9/80 Hobsons Rd,3,t,855000.0,S,Nelson,2017-06-03,3.4,3031.0,3.0,2.0,1.0,68.0,,,Melbourne City Council,-37.79554,144.91679,Northern Metropolitan,5263.0,1.0,2529
Kensington,53 Rankins Rd,2,h,990000.0,SP,Nelson,2017-06-03,3.4,3031.0,2.0,1.0,0.0,165.0,105.7,1930.0,Melbourne City Council,-37.7902,144.93192,Northern Metropolitan,5263.0,3.0,1137
North Melbourne,22 Melrose St,2,h,970000.0,S,JMRE,2017-06-03,1.8,3051.0,2.0,1.0,0.0,102.0,66.0,1900.0,Melbourne City Council,-37.79489,144.94207,Northern Metropolitan,6821.0,4.0,1994
Parkville,401/228 The Avenue,3,u,1770000.0,S,Woodards,2017-06-03,1.8,3052.0,3.0,2.0,1.0,2431.0,70.0,1999.0,Melbourne City Council,-37.78212,144.95755,Northern Metropolitan,2309.0,3.0,5849
South Yarra,78 Hope St,2,h,2210000.0,S,Castran,2017-06-03,2.7,3141.0,2.0,2.0,1.0,187.0,133.0,1890.0,Melbourne City Council,-37.83554,144.97956,Southern Metropolitan,14887.0,3.0,1492
South Yarra,3/44 Walsh St,3,u,2400000.0,VB,Jellis,2017-06-03,2.7,3141.0,3.0,2.0,1.0,0.0,,1940.0,Melbourne City Council,-37.8369,144.98514,Southern Metropolitan,14887.0,3.0,1163
Southbank,512/22 Dorcas St,1,u,422000.0,S,MICM,2017-06-03,0.7,3006.0,1.0,1.0,1.0,63.0,51.0,2010.0,Melbourne City Council,-37.83014,144.96967,Southern Metropolitan,8400.0,4.0,1416
Southbank,2605/63 Whiteman St,2,u,590000.0,PI,MICM,2017-06-03,0.7,3006.0,2.0,2.0,1.0,0.0,,2009.0,Melbourne City Council,-37.82586,144.957,Southern Metropolitan,8400.0,6.0,727
West Melbourne,2/30 Dudley St,2,u,792000.0,S,Nardella,2017-06-03,3.1,3003.0,2.0,1.0,1.0,0.0,,,Melbourne City Council,-37.80823,144.95452,Northern Metropolitan,2230.0,7.0,1530
East Melbourne,109 Simpson St,3,h,1875000.0,PI,Jellis,2017-06-17,1.3,3002.0,3.0,1.0,0.0,118.0,177.0,1890.0,Melbourne City Council,-37.81351,144.98804,Northern Metropolitan,3040.0,7.0,1366
East Melbourne,7 Webb La,2,t,1350000.0,S,Caine,2017-06-17,1.3,3002.0,2.0,2.0,1.0,87.0,115.0,2005.0,Melbourne City Council,-37.81803,144.9892,Northern Metropolitan,3040.0,4.0,506
Kensington,18 Altona St,2,h,1070000.0,S,Biggin,2017-06-17,3.4,3031.0,2.0,1.0,0.0,282.0,,,Melbourne City Council,-37.79882,144.92745,Northern Metropolitan,5263.0,3.0,2460
Kensington,105/18 Bent St,2,u,730000.0,SP,Nelson,2017-06-17,3.4,3031.0,2.0,2.0,1.0,2135.0,90.0,2010.0,Melbourne City Council,-37.79561,144.93499,Northern Metropolitan,5263.0,2.0,1340
Kensington,17/16 Mawbey St,1,u,392000.0,SP,Rendina,2017-06-17,3.4,3031.0,1.0,1.0,1.0,0.0,60.0,2001.0,Melbourne City Council,-37.78993,144.92306,Northern Metropolitan,5263.0,2.0,1761
Kensington,24 McConnell St,2,h,1150000.0,S,Hodges,2017-06-17,3.4,3031.0,2.0,1.0,0.0,147.0,95.0,1890.0,Melbourne City Council,-37.79067,144.92844,Northern Metropolitan,5263.0,5.0,1901
Kensington,54 McConnell St,4,h,1415000.0,SP,Biggin,2017-06-17,3.4,3031.0,4.0,2.0,0.0,199.0,96.0,1982.0,Melbourne City Council,-37.7916,144.92855,Northern Metropolitan,5263.0,5.0,2038
Kensington,7/11 Smith St,1,u,370000.0,SP,Rendina,2017-06-17,3.4,3031.0,1.0,1.0,1.0,0.0,,2011.0,Melbourne City Council,-37.79122,144.93175,Northern Metropolitan,5263.0,5.0,1325
Melbourne,19/300 King St,2,u,740000.0,VB,MICM,2017-06-17,0.0,3000.0,2.0,1.0,1.0,0.0,113.0,1999.0,Melbourne City Council,-37.81317,144.95452,Northern Metropolitan,17496.0,12.0,882
North Melbourne,8 Baillie St,1,h,1000000.0,S,W.B.,2017-06-17,1.8,3051.0,1.0,1.0,0.0,133.0,,,Melbourne City Council,-37.80131,144.94753,Northern Metropolitan,6821.0,3.0,1908
North Melbourne,141 Howard St,1,t,780000.0,S,Nick,2017-06-17,1.8,3051.0,1.0,1.0,0.0,37.0,,,Melbourne City Council,-37.80376,144.95379,Northern Metropolitan,6821.0,2.0,1737
North Melbourne,17/198 Peel St,2,u,550000.0,S,Biggin,2017-06-17,1.8,3051.0,2.0,1.0,1.0,0.0,,,Melbourne City Council,-37.80298,144.9568,Northern Metropolitan,6821.0,5.0,1676
Parkville,7/517 Royal Pde,3,t,850000.0,S,Nelson,2017-06-17,1.8,3052.0,3.0,1.0,1.0,2429.0,,,Melbourne City Council,-37.78033,144.95949,Northern Metropolitan,2309.0,3.0,3374
Parkville,603/228 The Avenue,2,u,900000.0,VB,Nelson,2017-06-17,1.8,3052.0,2.0,2.0,1.0,2431.0,,,Melbourne City Council,-37.78212,144.95755,Northern Metropolitan,2309.0,3.0,5849
Southbank,61/120 Sturt St,2,u,642500.0,S,Greg,2017-06-17,0.7,3006.0,2.0,1.0,1.0,8888.0,77.0,1994.0,Melbourne City Council,-37.82481,144.96669,Southern Metropolitan,8400.0,21.0,1560
Southbank,406/152 Sturt St,1,u,422500.0,PI,Dingle,2017-06-17,0.7,3006.0,1.0,1.0,1.0,3878.0,,2012.0,Melbourne City Council,-37.82548,144.96648,Southern Metropolitan,8400.0,19.0,1467
Carlton,254 Elgin St,3,h,1000000.0,PI,Jellis,2017-06-24,1.6,3053.0,3.0,1.0,0.0,96.0,80.0,1910.0,Melbourne City Council,-37.79674,144.96563,Northern Metropolitan,6786.0,7.0,1170
Carlton,2/42 Grattan Pl,2,u,720000.0,VB,Nelson,2017-06-24,1.6,3053.0,2.0,1.0,1.0,3481.0,,,Melbourne City Council,-37.80087,144.96622,Northern Metropolitan,6786.0,11.0,1585
East Melbourne,24/108 George St,2,u,885000.0,S,Woodards,2017-06-24,1.3,3002.0,2.0,1.0,1.0,1489.0,,,Melbourne City Council,-37.81525,144.98678,Northern Metropolitan,3040.0,9.0,1452
Kensington,91A Bayswater Rd,3,h,1250000.0,S,Nelson,2017-06-24,3.4,3031.0,3.0,1.0,2.0,340.0,,,Melbourne City Council,-37.79436,144.92158,Northern Metropolitan,5263.0,1.0,3051
Kensington,310/71 Henry St,1,u,395000.0,SP,Edward,2017-06-24,3.4,3031.0,1.0,1.0,1.0,2592.0,,,Melbourne City Council,-37.79609,144.92608,Northern Metropolitan,5263.0,6.0,2207
Kensington,11 McCracken St,2,h,840500.0,S,Rendina,2017-06-24,3.4,3031.0,2.0,1.0,0.0,107.0,,,Melbourne City Council,-37.79025,144.92798,Northern Metropolitan,5263.0,4.0,1854
North Melbourne,106/25 Oxford St,2,u,570000.0,VB,Alexkarbon,2017-06-24,1.8,3051.0,2.0,2.0,1.0,1223.0,81.0,2011.0,Melbourne City Council,-37.8006,144.95419,Northern Metropolitan,6821.0,9.0,1622
North Melbourne,2/7 Oxford St,2,u,850000.0,VB,W.B.,2017-06-24,1.8,3051.0,2.0,3.0,1.0,1223.0,,,Melbourne City Council,-37.8006,144.95419,Northern Metropolitan,6821.0,9.0,1622
South Yarra,6/90 Clowes St,2,u,945000.0,PI,Castran,2017-06-24,2.7,3141.0,2.0,1.0,1.0,708.0,,1970.0,Melbourne City Council,-37.83041,144.98494,Southern Metropolitan,14887.0,2.0,1609
West Melbourne,148 Adderley St,3,h,1370000.0,S,Jellis,2017-06-24,3.1,3003.0,3.0,1.0,0.0,121.0,,,Melbourne City Council,-37.80973,144.9472,Northern Metropolitan,2230.0,2.0,1097
Carlton,1003/123 Pelham St,2,u,1100000.0,VB,Jellis,2017-05-27,1.6,3053.0,2.0,2.0,2.0,0.0,,2008.0,Melbourne City Council,-37.80279,144.96442,Northern Metropolitan,6786.0,10.0,1588
Kensington,205/72 Altona St,1,u,400000.0,SP,Edward,2017-05-27,3.4,3031.0,1.0,1.0,1.0,0.0,56.0,2008.0,Melbourne City Council,-37.79741,144.92614,Northern Metropolitan,5263.0,4.0,1976
Kensington,2 Smith St,1,t,715000.0,S,Nelson,2017-05-27,3.4,3031.0,1.0,1.0,0.0,91.0,,2006.0,Melbourne City Council,-37.7914,144.93076,Northern Metropolitan,5263.0,5.0,1517
Melbourne,1814/250 Elizabeth St,2,u,720000.0,S,Harcourts,2017-05-27,0.0,3000.0,2.0,1.0,1.0,0.0,86.0,1976.0,Melbourne City Council,-37.81267,144.96273,Northern Metropolitan,17496.0,21.0,793
North Melbourne,72 Curzon St,2,h,1126000.0,SP,Nelson,2017-05-27,1.8,3051.0,2.0,1.0,0.0,114.0,65.0,1910.0,Melbourne City Council,-37.80248,144.94846,Northern Metropolitan,6821.0,3.0,1732
North Melbourne,363 Dryburgh St,4,h,1746000.0,S,Jellis,2017-05-27,1.8,3051.0,4.0,2.0,0.0,149.0,,,Melbourne City Council,-37.79722,144.94424,Northern Metropolitan,6821.0,7.0,2001
North Melbourne,4/8 Falshaws La,2,u,799000.0,S,Jellis,2017-05-27,1.8,3051.0,2.0,1.0,1.0,0.0,73.0,1900.0,Melbourne City Council,-37.79999,144.94961,Northern Metropolitan,6821.0,6.0,1784
North Melbourne,357 Flemington Rd,3,h,1285000.0,PI,J,2017-05-27,1.8,3051.0,3.0,1.0,1.0,170.0,147.0,1990.0,Melbourne City Council,-37.79074,144.94324,Northern Metropolitan,6821.0,3.0,5852
Parkville,301/228 The Avenue,3,u,1560000.0,PI,Nelson,2017-05-27,1.8,3052.0,3.0,2.0,1.0,2431.0,,,Melbourne City Council,-37.78212,144.95755,Northern Metropolitan,2309.0,3.0,5849
Southbank,2/96 Dodds St,2,u,600000.0,S,hockingstuart,2017-05-27,0.7,3006.0,2.0,1.0,1.0,0.0,78.0,,Melbourne City Council,-37.8281,144.96627,Southern Metropolitan,8400.0,11.0,856
Southbank,28/161 Sturt St,2,u,600000.0,VB,hockingstuart,2017-05-27,0.7,3006.0,2.0,1.0,1.0,3634.0,80.0,1993.0,Melbourne City Council,-37.8281,144.96627,Southern Metropolitan,8400.0,11.0,856
West Melbourne,1/110 Railway Pl,2,u,660000.0,PI,Nelson,2017-05-27,3.1,3003.0,2.0,1.0,1.0,0.0,91.0,1993.0,Melbourne City Council,-37.80848,144.9437,Northern Metropolitan,2230.0,1.0,1073
Kensington,112/86 Altona St,2,u,438000.0,S,Pagan,2017-07-08,3.4,3031.0,2.0,1.0,1.0,4267.0,,,Melbourne City Council,-37.79662,144.9254,Northern Metropolitan,5263.0,5.0,2154
Kensington,101/18 Bent St,2,u,710000.0,VB,Alexkarbon,2017-07-08,3.4,3031.0,2.0,2.0,1.0,2135.0,132.0,,Melbourne City Council,-37.79561,144.93499,Northern Metropolitan,5263.0,2.0,1340
Kensington,14/8 Mawbey St,1,u,390000.0,SP,Edward,2017-07-08,3.4,3031.0,1.0,1.0,1.0,0.0,60.0,2000.0,Melbourne City Council,-37.79023,144.92335,Northern Metropolitan,5263.0,3.0,1872
Melbourne,61/299 Queen St,2,u,1075000.0,SP,Melbourne,2017-07-08,0.0,3000.0,2.0,2.0,1.0,0.0,,,Melbourne City Council,-37.81141,144.95879,Northern Metropolitan,17496.0,19.0,1000
North Melbourne,39/101 Leveson St,2,u,785000.0,S,Nelson,2017-07-08,1.8,3051.0,2.0,2.0,1.0,0.0,95.0,2008.0,Melbourne City Council,-37.80202,144.95104,Northern Metropolitan,6821.0,6.0,1695
North Melbourne,306/68 Leveson St,2,u,620000.0,VB,Jellis,2017-07-08,1.8,3051.0,2.0,1.0,1.0,0.0,,,Melbourne City Council,-37.80272,144.95174,Northern Metropolitan,6821.0,5.0,1792
Parkville,22 Emu La,2,t,800000.0,PI,LITTLE,2017-07-08,1.8,3052.0,2.0,1.0,1.0,145.0,,,Melbourne City Council,-37.7882,144.94205,Northern Metropolitan,2309.0,1.0,5169
South Yarra,639 Punt Rd,4,h,1855500.0,S,Greg,2017-07-08,2.7,3141.0,4.0,2.0,1.0,176.0,216.0,1880.0,Melbourne City Council,-37.83986,144.98598,Southern Metropolitan,14887.0,3.0,1071
West Melbourne,125/33 Jeffcott St,2,u,670000.0,S,MICM,2017-07-08,3.1,3003.0,2.0,1.0,1.0,17.0,90.0,1996.0,Melbourne City Council,-37.8118,144.95259,Northern Metropolitan,2230.0,9.0,913
West Melbourne,207/493 Victoria St,2,u,510000.0,S,McGrath,2017-07-08,3.1,3003.0,2.0,1.0,1.0,75.0,66.0,2007.0,Melbourne City Council,-37.80473,144.9435,Northern Metropolitan,2230.0,2.0,1285
East Melbourne,502/1 Powlett St,2,u,1300000.0,SP,Caine,2017-08-12,1.3,3002.0,2.0,2.0,1.0,997.0,92.0,2001.0,Melbourne City Council,-37.8161,144.98494,Northern Metropolitan,3040.0,8.0,1646
Kensington,33 Kensington Rd,3,h,1225000.0,SP,Nelson,2017-08-12,3.4,3031.0,3.0,2.0,2.0,223.0,122.0,1940.0,Melbourne City Council,-37.79496,144.92659,Northern Metropolitan,5263.0,5.0,2307
North Melbourne,60 Arden St,4,h,1475000.0,S,Jellis,2017-08-12,1.8,3051.0,4.0,2.0,1.0,137.0,,,Melbourne City Council,-37.80072,144.9496,Northern Metropolitan,6821.0,6.0,1682
North Melbourne,50/171 Flemington Rd,2,u,450000.0,VB,Jellis,2017-08-12,1.8,3051.0,2.0,1.0,1.0,0.0,,1983.0,Melbourne City Council,-37.7955,144.94922,Northern Metropolitan,6821.0,6.0,5433
North Melbourne,19/49 Haines St,2,u,525000.0,PI,Woodards,2017-08-12,1.8,3051.0,2.0,1.0,1.0,1618.0,,,Melbourne City Council,-37.79878,144.94747,Northern Metropolitan,6821.0,4.0,2043
South Yarra,2/1 Alexandra Av,2,u,1350000.0,S,Kay,2017-08-12,2.7,3141.0,2.0,2.0,1.0,0.0,109.0,1930.0,Melbourne City Council,-37.82863,144.98514,Southern Metropolitan,14887.0,3.0,1511
South Yarra,44/100 Commercial Rd,3,u,940000.0,S,hockingstuart,2017-08-12,2.7,3141.0,3.0,2.0,3.0,0.0,20.0,,Melbourne City Council,-37.8453,144.98487,Southern Metropolitan,14887.0,2.0,711
Southbank,17/30 Miles St,2,u,625000.0,S,hockingstuart,2017-08-12,0.7,3006.0,2.0,1.0,1.0,0.0,88.0,,Melbourne City Council,-37.8281,144.96627,Southern Metropolitan,8400.0,11.0,856
Kensington,2 Collett St,3,h,840000.0,S,Bullen,2017-07-15,3.4,3031.0,3.0,1.0,0.0,114.0,,,Melbourne City Council,-37.78895,144.93351,Northern Metropolitan,5263.0,1.0,848
Kensington,11/12 Mawbey St,2,u,535000.0,PI,Edward,2017-07-15,3.4,3031.0,2.0,2.0,1.0,0.0,110.0,1998.0,Melbourne City Council,-37.79013,144.92359,Northern Metropolitan,5263.0,3.0,1859
Melbourne,806/22 Coromandel Pl,2,u,387000.0,S,Galldon,2017-07-15,0.0,3000.0,2.0,1.0,0.0,0.0,47.0,2011.0,Melbourne City Council,-37.81301,144.96924,Northern Metropolitan,17496.0,26.0,910
North Melbourne,1/150 Peel St,2,u,541000.0,S,Nelson,2017-07-15,1.8,3051.0,2.0,1.0,1.0,0.0,53.0,2004.0,Melbourne City Council,-37.8044,144.95657,Northern Metropolitan,6821.0,3.0,1704
West Melbourne,310/53 Batman St,1,u,380000.0,SP,MICM,2017-07-15,3.1,3003.0,1.0,1.0,0.0,68.0,,,Melbourne City Council,-37.81096,144.95147,Northern Metropolitan,2230.0,6.0,1142
West Melbourne,74 Dudley St,4,h,1900000.0,VB,Whiting,2017-07-15,3.1,3003.0,4.0,1.0,2.0,168.0,,,Melbourne City Council,-37.80884,144.95291,Northern Metropolitan,2230.0,6.0,1456
Carlton,66 Palmerston St,3,h,920000.0,S,Nelson,2017-07-22,1.6,3053.0,3.0,1.0,0.0,98.0,,,Melbourne City Council,-37.79633,144.97269,Northern Metropolitan,6786.0,6.0,1602
East Melbourne,205/30 St Andrews Pl,1,u,895000.0,S,Kay,2017-07-22,1.3,3002.0,1.0,1.0,1.0,0.0,60.0,1990.0,Melbourne City Council,-37.81177,144.97617,Northern Metropolitan,3040.0,23.0,1995
North Melbourne,306/64 MacAulay Rd,2,u,465000.0,SP,Jellis,2017-07-22,1.8,3051.0,2.0,1.0,1.0,0.0,53.0,2010.0,Melbourne City Council,-37.79831,144.94261,Northern Metropolitan,6821.0,6.0,1796
South Yarra,6/57 Adams St,2,u,747500.0,S,hockingstuart,2017-07-22,2.7,3141.0,2.0,1.0,1.0,0.0,,,Melbourne City Council,-37.83564,144.97729,Southern Metropolitan,14887.0,3.0,1287
Carlton,66 Palmerston St,3,h,920000.0,S,Nelson,2017-07-29,1.6,3053.0,3.0,1.0,0.0,98.0,,,Melbourne City Council,-37.79633,144.97269,Northern Metropolitan,6786.0,6.0,1602
Kensington,401/40 Altona St,2,u,445000.0,SP,Redina,2017-07-29,3.4,3031.0,2.0,1.0,1.0,1775.0,59.0,,Melbourne City Council,-37.79818,144.92685,Northern Metropolitan,5263.0,3.0,1674
Kensington,509/72 Altona St,2,u,501000.0,SP,Jellis,2017-07-29,3.4,3031.0,2.0,1.0,1.0,3957.0,,2008.0,Melbourne City Council,-37.79741,144.92614,Northern Metropolitan,5263.0,4.0,1976
Kensington,42 Gower St,3,h,1060000.0,S,Nelson,2017-07-29,3.4,3031.0,3.0,1.0,0.0,190.0,,,Melbourne City Council,-37.7956,144.92779,Northern Metropolitan,5263.0,6.0,2089
Melbourne,709/87 Franklin St,2,u,565000.0,S,MICM,2017-07-29,0.0,3000.0,2.0,1.0,0.0,89.0,85.0,2003.0,Melbourne City Council,-37.80802,144.96168,Northern Metropolitan,17496.0,14.0,987
Melbourne,713/118 Russell St,2,u,540000.0,PI,Harcourts,2017-07-29,0.0,3000.0,2.0,1.0,0.0,0.0,,1950.0,Melbourne City Council,-37.81351,144.96908,Northern Metropolitan,17496.0,30.0,867
North Melbourne,18/375 Abbotsford St,3,u,681000.0,S,JMRE,2017-07-29,1.8,3051.0,3.0,1.0,1.0,1843.0,,1960.0,Melbourne City Council,-37.79773,144.94611,Northern Metropolitan,6821.0,5.0,2040
North Melbourne,195 Peel St,2,h,1803000.0,SP,Alexkarbon,2017-07-29,1.8,3051.0,2.0,2.0,0.0,119.0,,,Melbourne City Council,-37.80304,144.95614,Northern Metropolitan,6821.0,5.0,1722
Southbank,101/8 Wells St,2,u,732000.0,S,Harcourts,2017-07-29,0.7,3006.0,2.0,1.0,0.0,3901.0,,1996.0,Melbourne City Council,-37.82618,144.96891,Southern Metropolitan,8400.0,16.0,1865
Kensington,49 Epsom Rd,2,h,950000.0,S,Edward,2017-09-03,3.4,3031.0,2.0,1.0,1.0,,101.0,1910.0,Melbourne City Council,-37.79207,144.92547,Northern Metropolitan,5263.0,3.0,2416
Kensington,23 Gardner La,1,t,535000.0,S,Alexkarbon,2017-09-03,3.4,3031.0,1.0,1.0,1.0,,68.0,1997.0,Melbourne City Council,-37.79225,144.92229,Northern Metropolitan,5263.0,3.0,2416
Melbourne,3/114 Hardware St,2,u,520000.0,VB,MICM,2017-09-03,0.0,3000.0,2.0,1.0,,,,1989.0,Melbourne City Council,-37.81205,144.96064,Northern Metropolitan,17496.0,22.0,862
North Melbourne,181 Abbotsford St,2,h,1100000.0,PI,Nelson,2017-09-03,1.8,3051.0,2.0,1.0,0.0,129.0,,1880.0,Melbourne City Council,-37.80318,144.94513,Northern Metropolitan,6821.0,2.0,1626
North Melbourne,511/179 Boundary Rd,2,u,390000.0,VB,Jellis,2017-09-03,1.8,3051.0,2.0,1.0,1.0,,,2011.0,Melbourne City Council,-37.78891,144.93948,Northern Metropolitan,6821.0,1.0,2469
North Melbourne,31 Cobden St,3,h,1425000.0,S,Nelson,2017-09-03,1.8,3051.0,3.0,1.0,3.0,163.0,,,Melbourne City Council,-37.80452,144.95718,Northern Metropolitan,6821.0,2.0,1716
North Melbourne,60 Shiel St,3,h,1550000.0,S,Nelson,2017-09-03,1.8,3051.0,3.0,2.0,1.0,173.0,,,Melbourne City Council,-37.79614,144.94248,Northern Metropolitan,6821.0,7.0,2038
South Yarra,2/66 Walsh St,2,u,860000.0,PI,Williams,2017-09-03,2.7,3141.0,2.0,1.0,1.0,644.0,,,Melbourne City Council,-37.83652,144.98522,Southern Metropolitan,14887.0,3.0,1091
West Melbourne,34 Miller St,3,h,1460000.0,S,Cayzer,2017-09-03,3.1,3003.0,3.0,1.0,1.0,219.0,,,Melbourne City Council,-37.80557,144.94649,Northern Metropolitan,2230.0,2.0,1704
West Melbourne,4/593 Spencer St,2,u,705000.0,S,MICM,2017-09-03,3.1,3003.0,2.0,1.0,2.0,,,2005.0,Melbourne City Council,-37.80704,144.94632,Northern Metropolitan,2230.0,2.0,1545
Carlton,87 Palmerston St,3,h,1263000.0,S,Harrington,2017-09-09,1.6,3053.0,3.0,1.0,1.0,110.0,128.0,1880.0,Melbourne City Council,-37.79667,144.97204,Northern Metropolitan,6786.0,7.0,1726
Carlton,81 Princes St,2,h,800000.0,VB,Woodards,2017-09-09,1.6,3053.0,2.0,1.0,,117.0,,,Melbourne City Council,-37.79294,144.97283,Northern Metropolitan,6786.0,3.0,1009
Kensington,24 Kensington Rd,3,h,1360000.0,S,Nelson,2017-09-09,3.4,3031.0,3.0,1.0,1.0,,114.0,1910.0,Melbourne City Council,-37.79464,144.92643,Northern Metropolitan,5263.0,5.0,2404
Kensington,55 Smith St,2,t,700000.0,PI,Nelson,2017-09-09,3.4,3031.0,2.0,1.0,1.0,,97.0,2000.0,Melbourne City Council,-37.7915,144.93441,Northern Metropolitan,5263.0,2.0,1041
Melbourne,104/166 Flinders St,2,u,530000.0,PI,Purplebricks,2017-09-09,0.0,3000.0,2.0,1.0,,,67.0,1875.0,Melbourne City Council,-37.81675,144.9691,Northern Metropolitan,17496.0,23.0,1254
Melbourne,1107/28 Wills St,2,u,585000.0,S,hockingstuart,2017-09-09,0.0,3000.0,,,,,,,Melbourne City Council,-37.81069,144.95743,Northern Metropolitan,17496.0,18.0,1086
North Melbourne,2/55 Haines St,2,u,542000.0,SP,Jellis,2017-09-09,1.8,3051.0,2.0,1.0,1.0,,71.0,1970.0,Melbourne City Council,-37.79874,144.94712,Northern Metropolitan,6821.0,5.0,2018
Southbank,244/173 City Rd,2,u,523500.0,S,hockingstuart,2017-09-09,0.7,3006.0,,,,,,,Melbourne City Council,-37.82449,144.96222,Southern Metropolitan,8400.0,12.0,1038
Southbank,142/79 Whiteman St,1,u,420000.0,S,Harcourts,2017-09-09,0.7,3006.0,1.0,1.0,1.0,,,2000.0,Melbourne City Council,-37.8265,144.95617,Southern Metropolitan,8400.0,4.0,627
West Melbourne,1/12 Prout La,3,h,2430000.0,S,Jellis,2017-09-09,3.1,3003.0,3.0,2.0,4.0,,,,Melbourne City Council,-37.80582,144.95165,Northern Metropolitan,2230.0,3.0,1737
West Melbourne,59 Rosslyn St,4,h,1725000.0,S,Jellis,2017-09-09,3.1,3003.0,4.0,2.0,2.0,,278.0,2010.0,Melbourne City Council,-37.80793,144.95265,Northern Metropolitan,2230.0,3.0,1545
Carlton,24/75 Drummond St,2,u,612500.0,S,Nelson,2017-09-16,1.6,3053.0,,,,,,,Melbourne City Council,-37.80479,144.96725,Northern Metropolitan,6786.0,13.0,1506
Kensington,12 Calwell St,1,t,590000.0,SP,Nelson,2017-09-16,3.4,3031.0,1.0,1.0,1.0,,64.0,1998.0,Melbourne City Council,-37.7884,144.927,Northern Metropolitan,5263.0,3.0,1436
Kensington,16 Smith St,3,t,1300000.0,S,Alexkarbon,2017-09-16,3.4,3031.0,,,,,,,Melbourne City Council,-37.79162,144.93246,Northern Metropolitan,5263.0,4.0,1299
Melbourne,408/225 Elizabeth St,2,u,660000.0,S,Dingle,2017-09-16,0.0,3000.0,,,,,,,Melbourne City Council,-37.81312,144.96236,Northern Metropolitan,17496.0,23.0,810
North Melbourne,3/680 Victoria St,2,t,790000.0,S,RE,2017-09-16,1.8,3051.0,2.0,1.0,1.0,,88.0,1940.0,Melbourne City Council,-37.80432,144.94359,Northern Metropolitan,6821.0,3.0,1348
South Yarra,3/41 Park St,2,u,787500.0,S,Marshall,2017-09-16,2.7,3141.0,2.0,1.0,1.0,,,,Melbourne City Council,-37.83666,144.98179,Southern Metropolitan,14887.0,3.0,1664
South Yarra,7/939 Punt Rd,2,u,651000.0,SP,Jellis,2017-09-16,2.7,3141.0,2.0,1.0,1.0,,92.0,1975.0,Melbourne City Council,-37.83247,144.98753,Southern Metropolitan,14887.0,1.0,532
West Melbourne,199 Hawke St,3,t,1500000.0,SP,Joseph,2017-09-16,3.1,3003.0,3.0,2.0,1.0,862.0,209.0,1920.0,Melbourne City Council,-37.80947,144.94473,Northern Metropolitan,2230.0,1.0,1039
West Melbourne,236 Roden St,3,t,1251000.0,SP,Jellis,2017-09-16,3.1,3003.0,3.0,3.0,1.0,,,,Melbourne City Council,-37.80978,144.94476,Northern Metropolitan,2230.0,1.0,987
Kensington,1/26 Coopers La,2,t,865000.0,S,Nelson,2017-08-19,3.4,3031.0,2.0,1.0,1.0,,,1998.0,Melbourne City Council,-37.79101,144.92328,Northern Metropolitan,5263.0,3.0,2096
Kensington,89 Stockmans Wy,2,t,841000.0,S,Edward,2017-08-19,3.4,3031.0,2.0,1.0,1.0,105.0,108.0,2005.0,Melbourne City Council,-37.79244,144.92036,Northern Metropolitan,5263.0,1.0,2437
North Melbourne,64 Baillie St,2,t,1220000.0,S,Jellis,2017-08-19,1.8,3051.0,2.0,2.0,1.0,,136.0,2001.0,Melbourne City Council,-37.80116,144.94605,Northern Metropolitan,6821.0,4.0,1840
Carlton,56/39 Rathdowne St,3,u,830000.0,S,Jellis,2017-09-23,1.6,3053.0,3.0,1.0,2.0,,,,Melbourne City Council,-37.80605,144.96779,Northern Metropolitan,6786.0,13.0,1409
Kensington,23 Albermarle St,2,h,1010000.0,S,Edward,2017-09-23,3.4,3031.0,2.0,1.0,,,,,Melbourne City Council,-37.79581,144.9331,Northern Metropolitan,5263.0,3.0,1312
Kensington,45 Hardiman St,2,h,1023000.0,S,Nelson,2017-09-23,3.4,3031.0,2.0,1.0,1.0,,,,Melbourne City Council,-37.79549,144.93314,Northern Metropolitan,5263.0,3.0,1335
Kensington,19/18 Mawbey St,1,u,411500.0,S,Edward,2017-09-23,3.4,3031.0,1.0,1.0,1.0,,999.0,,Melbourne City Council,-37.78981,144.92326,Northern Metropolitan,5263.0,2.0,1744
Kensington,4 New St,3,h,1035000.0,SP,Sweeney,2017-09-23,3.4,3031.0,3.0,1.0,1.0,,87.0,1900.0,Melbourne City Council,-37.79296,144.92826,Northern Metropolitan,5263.0,4.0,2310
North Melbourne,4/5 Cobden St,3,u,1287500.0,S,Alexkarbon,2017-09-23,1.8,3051.0,3.0,2.0,2.0,,,2000.0,Melbourne City Council,-37.80553,144.95698,Northern Metropolitan,6821.0,2.0,1670
North Melbourne,5 Hardwicke St,2,h,516000.0,SP,Jellis,2017-09-23,1.8,3051.0,2.0,1.0,,1044.0,79.0,1970.0,Melbourne City Council,-37.7983,144.94687,Northern Metropolitan,6821.0,5.0,2067
South Yarra,21 Leopold St,2,h,1800000.0,S,Castran,2017-09-23,2.7,3141.0,2.0,1.0,,,,,Melbourne City Council,-37.83727,144.98258,Southern Metropolitan,14887.0,4.0,1698
South Yarra,13/176 Walsh St,2,u,648000.0,S,hockingstuart,2017-09-23,2.7,3141.0,2.0,1.0,1.0,,,,Melbourne City Council,-37.83381,144.98578,Southern Metropolitan,14887.0,2.0,630
Southbank,256/22 Kavanagh St,2,u,567500.0,SP,Whiting,2017-09-23,0.7,3006.0,,,,,,,Melbourne City Council,-37.82293,144.96588,Southern Metropolitan,8400.0,25.0,1484
Southbank,2303/83 Queens Bridge St,1,u,440000.0,VB,Whiting,2017-09-23,0.7,3006.0,1.0,1.0,1.0,,67.0,1997.0,Melbourne City Council,-37.82377,144.96092,Southern Metropolitan,8400.0,13.0,1024
West Melbourne,128/33 Jeffcott St,3,u,742000.0,S,LITTLE,2017-09-23,3.1,3003.0,3.0,2.0,1.0,,115.0,1996.0,Melbourne City Council,-37.8118,144.95259,Northern Metropolitan,2230.0,9.0,913
Carlton,50 Dorrit St,3,h,1760000.0,S,hockingstuart,2017-08-26,1.6,3053.0,3.0,1.0,,9405.0,134.0,1880.0,Melbourne City Council,-37.79945,144.96653,Northern Metropolitan,6786.0,11.0,1534
Carlton,5/105 Neill St,3,u,1325000.0,S,Woodards,2017-08-26,1.6,3053.0,,,,,,,Melbourne City Council,-37.79459,144.97159,Northern Metropolitan,6786.0,5.0,1509
East Melbourne,208/25 Hotham St,1,u,303500.0,S,hockingstuart,2017-08-26,1.3,3002.0,1.0,1.0,0.0,,25.0,1975.0,Melbourne City Council,-37.81478,144.98957,Northern Metropolitan,3040.0,2.0,1075
North Melbourne,186 Errol St,2,t,770000.0,VB,W.B.,2017-08-26,1.8,3051.0,2.0,2.0,0.0,,77.0,1900.0,Melbourne City Council,-37.80047,144.95034,Northern Metropolitan,6821.0,7.0,1645
North Melbourne,9 Erskine St,2,h,1080000.0,S,Jellis,2017-08-26,1.8,3051.0,2.0,1.0,,100.0,67.0,1890.0,Melbourne City Council,-37.79524,144.94642,Northern Metropolitan,6821.0,4.0,3878
North Melbourne,8 Stedeford La,3,t,1425000.0,S,Jellis,2017-08-26,1.8,3051.0,3.0,2.0,1.0,,,,Melbourne City Council,-37.80372,144.95201,Northern Metropolitan,6821.0,3.0,1857
South Yarra,11/209 Domain Rd,2,u,1220000.0,S,hockingstuart,2017-08-26,2.7,3141.0,2.0,1.0,1.0,,,,Melbourne City Council,-37.83449,144.98386,Southern Metropolitan,14887.0,3.0,941
Carlton,45 Elgin St,3,h,1400000.0,PI,Woodards,2017-10-07,1.6,3053.0,3.0,2.0,,104.0,82.0,1900.0,Melbourne City Council,-37.79798,144.97324,Northern Metropolitan,6786.0,6.0,1544
Carlton,95 Neill St,4,h,2061000.0,S,Nelson,2017-10-07,1.6,3053.0,4.0,3.0,2.0,,,,Melbourne City Council,-37.79451,144.97177,Northern Metropolitan,6786.0,5.0,1449
Kensington,79 McCracken St,2,h,881000.0,S,Rendina,2017-10-07,3.4,3031.0,2.0,1.0,,157.0,,,Melbourne City Council,-37.79295,144.92793,Northern Metropolitan,5263.0,4.0,2342
West Melbourne,90 Miller St,3,h,1654000.0,S,Nelson,2017-10-07,3.1,3003.0,3.0,2.0,0.0,,,,Melbourne City Council,-37.80538,144.94471,Northern Metropolitan,2230.0,2.0,1438
Carlton,2 Challis La,2,h,840000.0,S,Nelson,2017-10-14,1.6,3053.0,2.0,1.0,,29.0,,,Melbourne City Council,-37.79532,144.96737,Northern Metropolitan,6786.0,7.0,1366
Carlton,68 Grattan St,3,h,1398000.0,S,Collins,2017-10-14,1.6,3053.0,3.0,1.0,,,,,Melbourne City Council,-37.80058,144.96735,Northern Metropolitan,6786.0,12.0,1641
East Melbourne,40 Berry St,4,h,4550000.0,S,Caine,2017-10-14,1.3,3002.0,4.0,3.0,2.0,,,,Melbourne City Council,-37.8183,144.98885,Northern Metropolitan,3040.0,6.0,494
Kensington,2 Ormond St,4,h,2112000.0,S,Edward,2017-10-14,3.4,3031.0,4.0,2.0,1.0,,216.0,1880.0,Melbourne City Council,-37.79645,144.93053,Northern Metropolitan,5263.0,3.0,1729
North Melbourne,24 Leveson St,3,h,1480000.0,S,Woodards,2017-10-14,1.8,3051.0,3.0,2.0,,133.0,200.0,,Melbourne City Council,-37.8042,144.95117,Northern Metropolitan,6821.0,2.0,1867
Parkville,23 Church St,4,h,1620000.0,S,Nelson,2017-10-14,1.8,3052.0,,,,,,,Melbourne City Council,-37.78769,144.94167,Northern Metropolitan,2309.0,1.0,4808
West Melbourne,88 Roden St,4,h,2371000.0,S,Alexkarbon,2017-10-14,3.1,3003.0,4.0,2.0,1.0,214.0,169.0,1890.0,Melbourne City Council,-37.80712,144.94832,Northern Metropolitan,2230.0,2.0,1677
Kensington,36 Ormond St,4,h,2500000.0,S,Rendina,2017-10-21,3.4,3031.0,4.0,2.0,1.0,277.0,,,Melbourne City Council,-37.79695,144.9297,Northern Metropolitan,5263.0,4.0,1685
Kensington,19 Serong St,4,t,1050000.0,SP,Nelson,2017-10-21,3.4,3031.0,4.0,1.0,1.0,,,,Melbourne City Council,-37.78857,144.92534,Northern Metropolitan,5263.0,3.0,1516
East Melbourne,142 George St,3,h,2850000.0,S,Caine,2017-10-28,1.3,3002.0,3.0,2.0,2.0,,,,Melbourne City Council,-37.81507,144.98566,Northern Metropolitan,3040.0,11.0,1752
Kensington,56 Collett St,4,h,1650000.0,S,Nelson,2017-10-28,3.4,3031.0,4.0,1.0,,,,,Melbourne City Council,-37.79111,144.9331,Northern Metropolitan,5263.0,1.0,1116
Kensington,18 Drury St,3,t,850000.0,VB,Nelson,2017-10-28,3.4,3031.0,3.0,1.0,1.0,,103.0,1994.0,Melbourne City Council,-37.79012,144.92507,Northern Metropolitan,5263.0,4.0,1876
North Melbourne,7 Haines St,3,h,1550000.0,VB,Jellis,2017-10-28,1.8,3051.0,3.0,1.0,2.0,,,,Melbourne City Council,-37.79906,144.9498,Northern Metropolitan,6821.0,5.0,2690
South Yarra,53 Leopold St,2,h,2200000.0,PI,Marshall,2017-10-28,2.7,3141.0,2.0,2.0,1.0,133.0,,,Melbourne City Council,-37.8365,144.98274,Southern Metropolitan,14887.0,2.0,1562
West Melbourne,220 Adderley St,4,h,1230000.0,S,Collins,2017-10-28,3.1,3003.0,4.0,1.0,1.0,133.0,124.0,1880.0,Melbourne City Council,-37.80814,144.94506,Northern Metropolitan,2230.0,1.0,1221
West Melbourne,191 Stanley St,3,h,1190000.0,S,hockingstuart,2017-10-28,3.1,3003.0,3.0,1.0,,,105.0,1880.0,Melbourne City Council,-37.81034,144.94604,Northern Metropolitan,2230.0,1.0,928
Parkville,88 Story St,3,h,2675000.0,VB,Collins,2017-11-04,1.8,3052.0,3.0,2.0,1.0,183.0,168.0,1890.0,Melbourne City Council,-37.7965,144.9543,Northern Metropolitan,2309.0,9.0,4329
Parkville,30 Walker St,3,h,1350000.0,S,Jellis,2017-11-11,1.8,3052.0,3.0,2.0,3.0,,160.0,1860.0,Melbourne City Council,-37.7844,144.958,Northern Metropolitan,2309.0,4.0,4290
Kensington,9 Fisken Pl,3,t,1170000.0,S,Nelson,2017-11-18,3.4,3031.0,3.0,2.0,2.0,,138.0,2012.0,Melbourne City Council,-37.7955,144.9243,Northern Metropolitan,5263.0,5.0,2647
Kensington,10 Market St,4,h,939000.0,S,Rendina,2017-11-18,3.4,3031.0,4.0,2.0,1.0,116.0,140.0,2000.0,Melbourne City Council,-37.7893,144.9274,Northern Metropolitan,5263.0,4.0,1662
Kensington,3 Nottingham St,2,h,915000.0,S,Nelson,2017-11-25,3.4,3031.0,2.0,1.0,,170.0,,,Melbourne City Council,-37.789,144.9331,Northern Metropolitan,5263.0,1.0,901
Kensington,69 Rankins Rd,3,h,1550000.0,S,Nelson,2017-11-25,3.4,3031.0,3.0,2.0,2.0,,127.0,1890.0,Melbourne City Council,-37.7906,144.9318,Northern Metropolitan,5263.0,4.0,1197
North Melbourne,86 Molesworth St,2,h,1405000.0,S,Nelson,2017-11-25,1.8,3051.0,2.0,1.0,1.0,,,,Melbourne City Council,-37.7968,144.9473,Northern Metropolitan,6821.0,5.0,3227
Parkville,57 Morrah St,4,h,3700000.0,VB,Nelson,2017-11-25,1.8,3052.0,4.0,3.0,1.0,,,,Melbourne City Council,-37.7958,144.9557,Northern Metropolitan,2309.0,6.0,4260
West Melbourne,99 Stanley St,3,h,1470000.0,SP,Nelson,2017-11-25,3.1,3003.0,3.0,2.0,1.0,166.0,,,Melbourne City Council,-37.809,144.9483,Northern Metropolitan,2230.0,1.0,1310
Carlton,173 Drummond St,4,h,3825000.0,S,Woodards,2018-01-06,1.6,3053.0,4.0,1.0,2.0,316.0,,,Melbourne City Council,-37.80229,144.9679,Northern Metropolitan,6786.0,12.0,1673
Carlton,100 Barkly St,4,h,2150000.0,VB,Nelson,2017-12-09,1.6,3053.0,4.0,2.0,,109.0,,,Melbourne City Council,-37.79954,144.97167,Northern Metropolitan,6786.0,11.0,1621
Kensington,67 Hardiman St,3,h,1760000.0,S,Nelson,2017-12-09,3.4,3031.0,3.0,2.0,2.0,176.0,212.0,1900.0,Melbourne City Council,-37.7956,144.93419,Northern Metropolitan,5263.0,2.0,1333
North Melbourne,183 Melrose St,2,h,850000.0,VB,Nelson,2017-12-09,1.8,3051.0,2.0,1.0,,119.0,81.0,1890.0,Melbourne City Council,-37.79058,144.94253,Northern Metropolitan,6821.0,3.0,5119
North Melbourne,59 Baillie St,2,t,880000.0,S,Rendina,2018-02-03,1.8,3051.0,2.0,1.0,1.0,,,,Melbourne City Council,-37.8017,144.94602,Northern Metropolitan,6821.0,3.0,1849
Kensington,34 Gower St,3,h,1115000.0,S,Rendina,2018-02-10,3.4,3031.0,3.0,1.0,,204.0,112.0,1890.0,Melbourne City Council,-37.79547,144.92802,Northern Metropolitan,5263.0,5.0,2083
Kensington,13 Wight St,2,h,855000.0,PI,Woodards,2018-02-10,3.4,3031.0,2.0,1.0,,110.0,79.0,1910.0,Melbourne City Council,-37.79372,144.92846,Northern Metropolitan,5263.0,4.0,2094
North Melbourne,111 Peel St,3,h,1285000.0,PI,Jellis,2018-02-10,1.8,3051.0,3.0,2.0,,87.0,139.0,1910.0,Melbourne City Council,-37.8054,144.95573,Northern Metropolitan,6821.0,2.0,1865
Kensington,13 Albermarle St,3,h,1390000.0,S,Nelson,2018-03-03,3.4,3031.0,3.0,2.0,0.0,146.0,138.0,1891.0,Melbourne City Council,-37.79611,144.93305,Northern Metropolitan,5263.0,3.0,1243
Kensington,87 Barnett St,3,h,1122500.0,S,Edward,2018-03-10,3.4,3031.0,3.0,1.0,0.0,170.0,,,Melbourne City Council,-37.79399,144.93212,Northern Metropolitan,5263.0,5.0,1462
Carlton,164 Canning St,1,h,1252000.0,S,Woodards,2018-02-17,1.6,3053.0,1.0,1.0,1.0,138.0,,,Melbourne City Council,-37.7946,144.97368,Northern Metropolitan,6786.0,4.0,1172
Carlton,226 Elgin St,2,u,650000.0,VB,Nelson,2018-02-17,1.6,3053.0,2.0,1.0,4.0,1439.0,72.0,2006.0,Melbourne City Council,-37.79687,144.96685,Northern Metropolitan,6786.0,7.0,1425
North Melbourne,136 Capel St,3,h,1400000.0,VB,Nelson,2018-02-17,1.8,3051.0,4.0,1.0,,105.0,,,Melbourne City Council,-37.80485,144.95559,Northern Metropolitan,6821.0,2.0,1802
Carlton,162 Canning St,2,h,1410000.0,PI,Nelson,2018-03-17,1.6,3053.0,2.0,2.0,,150.0,,,Melbourne City Council,-37.79463,144.97367,Northern Metropolitan,6786.0,4.0,1175
Carlton,26 Tyne St,3,t,1750000.0,S,Collins,2018-03-17,1.6,3053.0,3.0,2.0,2.0,2399.0,138.0,1998.0,Melbourne City Council,-37.79782,144.96664,Northern Metropolitan,6786.0,8.0,1419
North Melbourne,9 George St,3,h,1270000.0,S,Peter,2018-03-17,1.8,3051.0,3.0,2.0,2.0,214.0,137.0,2004.0,Melbourne City Council,-37.79025,144.94093,Northern Metropolitan,6821.0,2.0,3706
North Melbourne,70 Provost St,2,t,810000.0,S,Alexkarbon,2018-03-17,1.8,3051.0,2.0,1.0,1.0,1145.0,,1996.0,Melbourne City Council,-37.8017,144.94602,Northern Metropolitan,6821.0,3.0,1849
West Melbourne,364 King St,2,h,1200000.0,VB,W.B.,2018-03-17,3.1,3003.0,2.0,1.0,1.0,136.0,,,Melbourne City Council,-37.80817,144.95222,Northern Metropolitan,2230.0,3.0,1509
Kensington,130 Bellair St,3,h,1394000.0,S,Nelson,2018-02-24,3.4,3031.0,3.0,1.0,,232.0,124.0,1900.0,Melbourne City Council,-37.79243,144.92968,Northern Metropolitan,5263.0,4.0,1800
Kensington,21 The Ridgeway,3,h,1640000.0,S,Biggin,2018-02-24,3.4,3031.0,3.0,2.0,,203.0,166.0,1900.0,Melbourne City Council,-37.79435,144.92591,Northern Metropolitan,5263.0,5.0,2609
Kensington,2B Wight St,3,t,976000.0,S,Nelson,2018-02-24,3.4,3031.0,3.0,1.0,1.0,120.0,,,Melbourne City Council,-37.79343,144.92935,Northern Metropolitan,5263.0,4.0,1848
West Melbourne,122 Railway Pl,3,t,1150000.0,S,Jellis,2018-02-24,3.1,3003.0,3.0,2.0,2.0,678.0,,,Melbourne City Council,-37.80787,144.94334,Northern Metropolitan,2230.0,1.0,1060
